,app,experiment,context,iteration,affinity,improve,nodes,path,fom,unknowns,error,cpu_util,wall_time
0,kripke,flux,manual,9,False,,2,results/kripke/flux/kripke-2-iter-9-27976645214208.out,1.125071e-09,805306368.0,,,
1,kripke,flux,manual,9,False,,1,results/kripke/flux/kripke-1-iter-9-27974699057152.out,2.293885e-09,805306368.0,,,
2,kripke,flux,manual,8,False,,2,results/kripke/flux/kripke-2-iter-8-27964968271872.out,1.125305e-09,805306368.0,,,
3,kripke,flux,manual,2,False,,4,results/kripke/flux/kripke-4-iter-2-27896802443264.out,5.08505e-10,805306368.0,,,
4,kripke,flux,manual,9,True,,1,results/kripke/flux/kripke-1-affinity-iter-9-27980554305536.out,2.294059e-09,805306368.0,,,
5,kripke,flux,manual,10,False,,4,results/kripke/flux/kripke-4-iter-10-27990318645248.out,5.096424e-10,805306368.0,,,
6,kripke,flux,manual,3,True,,4,results/kripke/flux/kripke-4-affinity-iter-3-27914334633984.out,5.100416e-10,805306368.0,,,
7,kripke,flux,manual,8,True,,1,results/kripke/flux/kripke-1-affinity-iter-8-27968877363200.out,2.294974e-09,805306368.0,,,
8,kripke,flux,manual,5,True,,4,results/kripke/flux/kripke-4-affinity-iter-5-27937688518656.out,5.097672e-10,805306368.0,,,
9,kripke,flux,manual,3,False,,2,results/kripke/flux/kripke-2-iter-3-27906550005760.out,1.121402e-09,805306368.0,,,
10,kripke,flux,manual,1,True,,2,results/kripke/flux/kripke-2-affinity-iter-1-27889017815040.out,1.12384e-09,805306368.0,,,
11,kripke,flux,manual,10,True,,4,results/kripke/flux/kripke-4-affinity-iter-10-27996190670848.out,5.155768e-10,805306368.0,,,
12,kripke,flux,manual,1,True,,1,results/kripke/flux/kripke-1-affinity-iter-1-27887071657984.out,2.300624e-09,805306368.0,,,
13,kripke,flux,manual,8,True,,4,results/kripke/flux/kripke-4-affinity-iter-8-27972769677312.out,5.108687e-10,805306368.0,,,
14,kripke,flux,manual,5,False,,1,results/kripke/flux/kripke-1-iter-5-27927974510592.out,2.289379e-09,805306368.0,,,
15,kripke,flux,manual,2,False,,1,results/kripke/flux/kripke-1-iter-2-27892926906368.out,2.29203e-09,805306368.0,,,
16,kripke,flux,manual,6,True,,2,results/kripke/flux/kripke-2-affinity-iter-6-27947402526720.out,1.129668e-09,805306368.0,,,
17,kripke,flux,manual,6,False,,4,results/kripke/flux/kripke-4-iter-6-27943510212608.out,5.101586e-10,805306368.0,,,
18,kripke,flux,manual,5,True,,1,results/kripke/flux/kripke-1-affinity-iter-5-27933812981760.out,2.292644e-09,805306368.0,,,
19,kripke,flux,manual,3,False,,1,results/kripke/flux/kripke-1-iter-3-27904603848704.out,2.292581e-09,805306368.0,,,
20,kripke,flux,manual,7,False,,1,results/kripke/flux/kripke-1-iter-7-27951294840832.out,2.294875e-09,805306368.0,,,
21,kripke,flux,manual,5,True,,2,results/kripke/flux/kripke-2-affinity-iter-5-27935759138816.out,1.122189e-09,805306368.0,,,
22,kripke,flux,manual,9,True,,4,results/kripke/flux/kripke-4-affinity-iter-9-27984463396864.out,5.100051e-10,805306368.0,,,
23,kripke,flux,manual,10,True,,1,results/kripke/flux/kripke-1-affinity-iter-10-27992281579520.out,2.300098e-09,805306368.0,,,
24,kripke,flux,manual,3,True,,1,results/kripke/flux/kripke-1-affinity-iter-3-27910442319872.out,2.296942e-09,805306368.0,,,
25,kripke,flux,manual,5,False,,2,results/kripke/flux/kripke-2-iter-5-27929920667648.out,1.130685e-09,805306368.0,,,
26,kripke,flux,manual,4,True,,1,results/kripke/flux/kripke-1-affinity-iter-4-27922119262208.out,2.297277e-09,805306368.0,,,
27,kripke,flux,manual,9,True,,2,results/kripke/flux/kripke-2-affinity-iter-9-27982500462592.out,1.124563e-09,805306368.0,,,
28,kripke,flux,manual,8,True,,2,results/kripke/flux/kripke-2-affinity-iter-8-27970823520256.out,1.123852e-09,805306368.0,,,
29,kripke,flux,manual,1,False,,1,results/kripke/flux/kripke-1-iter-1-27881149300736.out,2.298482e-09,805306368.0,,,
30,kripke,flux,manual,6,True,,1,results/kripke/flux/kripke-1-affinity-iter-6-27945473146880.out,2.291923e-09,805306368.0,,,
31,kripke,flux,manual,2,True,,4,results/kripke/flux/kripke-4-affinity-iter-2-27902657691648.out,5.107206e-10,805306368.0,,,
32,kripke,flux,manual,2,True,,2,results/kripke/flux/kripke-2-affinity-iter-2-27900711534592.out,1.123572e-09,805306368.0,,,
33,kripke,flux,manual,2,False,,2,results/kripke/flux/kripke-2-iter-2-27894856286208.out,1.123102e-09,805306368.0,,,
34,kripke,flux,manual,8,False,,1,results/kripke/flux/kripke-1-iter-8-27963005337600.out,2.288187e-09,805306368.0,,,
35,kripke,flux,manual,4,False,,4,results/kripke/flux/kripke-4-iter-4-27920189882368.out,5.140236e-10,805306368.0,,,
36,kripke,flux,manual,1,False,,4,results/kripke/flux/kripke-4-iter-1-27885108723712.out,5.096682e-10,805306368.0,,,
37,kripke,flux,manual,7,False,,2,results/kripke/flux/kripke-2-iter-7-27953257775104.out,1.122886e-09,805306368.0,,,
38,kripke,flux,manual,4,True,,4,results/kripke/flux/kripke-4-affinity-iter-4-27926028353536.out,5.131262e-10,805306368.0,,,
39,kripke,flux,manual,6,False,,1,results/kripke/flux/kripke-1-iter-6-27939634675712.out,2.287643e-09,805306368.0,,,
40,kripke,flux,manual,5,False,,4,results/kripke/flux/kripke-4-iter-5-27931866824704.out,5.120598e-10,805306368.0,,,
41,kripke,flux,manual,10,False,,1,results/kripke/flux/kripke-1-iter-10-27986409553920.out,2.285762e-09,805306368.0,,,
42,kripke,flux,manual,10,True,,2,results/kripke/flux/kripke-2-affinity-iter-10-27994227736576.out,1.123543e-09,805306368.0,,,
43,kripke,flux,manual,2,True,,1,results/kripke/flux/kripke-1-affinity-iter-2-27898765377536.out,2.295638e-09,805306368.0,,,
44,kripke,flux,manual,3,True,,2,results/kripke/flux/kripke-2-affinity-iter-3-27912371699712.out,1.123984e-09,805306368.0,,,
45,kripke,flux,manual,7,False,,4,results/kripke/flux/kripke-4-iter-7-27955220709376.out,5.100735e-10,805306368.0,,,
46,kripke,flux,manual,4,False,,2,results/kripke/flux/kripke-2-iter-4-27918226948096.out,1.12227e-09,805306368.0,,,
47,kripke,flux,manual,10,False,,2,results/kripke/flux/kripke-2-iter-10-27988372488192.out,1.11959e-09,805306368.0,,,
48,kripke,flux,manual,7,True,,2,results/kripke/flux/kripke-2-affinity-iter-7-27959096246272.out,1.125036e-09,805306368.0,,,
49,kripke,flux,manual,6,True,,4,results/kripke/flux/kripke-4-affinity-iter-6-27949348683776.out,5.105712e-10,805306368.0,,,
50,kripke,flux,manual,1,False,,2,results/kripke/flux/kripke-2-iter-1-27883145789440.out,1.123009e-09,805306368.0,,,
51,kripke,flux,manual,1,True,,4,results/kripke/flux/kripke-4-affinity-iter-1-27890980749312.out,5.213212e-10,805306368.0,,,
52,kripke,flux,manual,8,False,,4,results/kripke/flux/kripke-4-iter-8-27966914428928.out,5.104435e-10,805306368.0,,,
53,kripke,flux,manual,4,False,,1,results/kripke/flux/kripke-1-iter-4-27916280791040.out,2.289641e-09,805306368.0,,,
54,kripke,flux,manual,4,True,,2,results/kripke/flux/kripke-2-affinity-iter-4-27924082196480.out,1.125134e-09,805306368.0,,,
55,kripke,flux,manual,3,False,,4,results/kripke/flux/kripke-4-iter-3-27908496162816.out,5.122562e-10,805306368.0,,,
56,kripke,flux,manual,7,True,,4,results/kripke/flux/kripke-4-affinity-iter-7-27961059180544.out,5.17403e-10,805306368.0,,,
57,kripke,flux,manual,6,False,,2,results/kripke/flux/kripke-2-iter-6-27941580832768.out,1.127351e-09,805306368.0,,,
58,kripke,flux,manual,9,False,,4,results/kripke/flux/kripke-4-iter-9-27978608148480.out,5.092967e-10,805306368.0,,,
59,kripke,flux,manual,7,True,,1,results/kripke/flux/kripke-1-affinity-iter-7-27957166866432.out,2.300566e-09,805306368.0,,,
60,kripke,slurm,manual,5,False,,4,results/kripke/slurm/kripke-4-nodes-5.out,5.159125e-10,805306368.0,,,
61,kripke,slurm,manual,2,False,,2,results/kripke/slurm/kripke-2-nodes-2.out,1.123706e-09,805306368.0,,,
62,kripke,slurm,manual,2,False,,4,results/kripke/slurm/kripke-4-nodes-2.out,5.113424e-10,805306368.0,,,
63,kripke,slurm,manual,2,True,,4,results/kripke/slurm/kripke-4-nodes-affinity-2.out,5.101194e-10,805306368.0,,,
64,kripke,slurm,manual,4,False,,4,results/kripke/slurm/kripke-4-nodes-4.out,5.104993e-10,805306368.0,,,
65,kripke,slurm,manual,4,False,,2,results/kripke/slurm/kripke-2-nodes-4.out,1.131243e-09,805306368.0,,,
66,kripke,slurm,manual,5,True,,1,results/kripke/slurm/kripke-1-nodes-affinity-5.out,2.292204e-09,805306368.0,,,
67,kripke,slurm,manual,3,False,,4,results/kripke/slurm/kripke-4-nodes-3.out,5.098567e-10,805306368.0,,,
68,kripke,slurm,manual,4,True,,1,results/kripke/slurm/kripke-1-nodes-affinity-4.out,2.300066e-09,805306368.0,,,
69,kripke,slurm,manual,5,True,,2,results/kripke/slurm/kripke-2-nodes-affinity-5.out,1.124735e-09,805306368.0,,,
70,kripke,slurm,manual,1,True,,4,results/kripke/slurm/kripke-4-nodes-affinity-1.out,5.105219e-10,805306368.0,,,
71,kripke,slurm,manual,3,True,,2,results/kripke/slurm/kripke-2-nodes-affinity-3.out,1.12433e-09,805306368.0,,,
72,kripke,slurm,manual,3,False,,2,results/kripke/slurm/kripke-2-nodes-3.out,1.125089e-09,805306368.0,,,
73,kripke,slurm,manual,1,False,,4,results/kripke/slurm/kripke-4-nodes-1.out,5.103009e-10,805306368.0,,,
74,kripke,slurm,manual,4,False,,1,results/kripke/slurm/kripke-1-nodes-4.out,2.291324e-09,805306368.0,,,
75,kripke,slurm,manual,3,True,,4,results/kripke/slurm/kripke-4-nodes-affinity-3.out,5.084262e-10,805306368.0,,,
76,kripke,slurm,manual,2,True,,2,results/kripke/slurm/kripke-2-nodes-affinity-2.out,1.120869e-09,805306368.0,,,
77,kripke,slurm,manual,5,True,,4,results/kripke/slurm/kripke-4-nodes-affinity-5.out,5.217358e-10,805306368.0,,,
78,kripke,slurm,manual,2,True,,1,results/kripke/slurm/kripke-1-nodes-affinity-2.out,2.291258e-09,805306368.0,,,
79,kripke,slurm,manual,1,True,,2,results/kripke/slurm/kripke-2-nodes-affinity-1.out,1.122212e-09,805306368.0,,,
80,kripke,slurm,manual,4,True,,2,results/kripke/slurm/kripke-2-nodes-affinity-4.out,1.122233e-09,805306368.0,,,
81,kripke,slurm,manual,1,False,,1,results/kripke/slurm/kripke-1-nodes-1.out,2.29455e-09,805306368.0,,,
82,kripke,slurm,manual,1,True,,1,results/kripke/slurm/kripke-1-nodes-affinity-1.out,2.29358e-09,805306368.0,,,
83,kripke,slurm,manual,5,False,,1,results/kripke/slurm/kripke-1-nodes-5.out,2.293018e-09,805306368.0,,,
84,kripke,slurm,manual,5,False,,2,results/kripke/slurm/kripke-2-nodes-5.out,1.124085e-09,805306368.0,,,
85,kripke,slurm,manual,1,False,,2,results/kripke/slurm/kripke-2-nodes-1.out,1.124171e-09,805306368.0,,,
86,kripke,slurm,manual,2,False,,1,results/kripke/slurm/kripke-1-nodes-2.out,2.291732e-09,805306368.0,,,
87,kripke,slurm,manual,3,False,,1,results/kripke/slurm/kripke-1-nodes-3.out,2.292026e-09,805306368.0,,,
88,kripke,slurm,manual,4,True,,4,results/kripke/slurm/kripke-4-nodes-affinity-4.out,5.102769e-10,805306368.0,,,
89,kripke,slurm,manual,3,True,,1,results/kripke/slurm/kripke-1-nodes-affinity-3.out,2.292049e-09,805306368.0,,,
90,kripke,flux-to-slurm,agent,25,,True,4,results/kripke/flux-to-slurm/flux-to-slurm-improve-command-25.out,5.116414e-10,805306368.0,,,
91,kripke,flux-to-slurm,agent,25,,False,4,results/kripke/flux-to-slurm/flux-to-slurm-command-25.out,5.256555e-10,805306368.0,,,
92,kripke,flux-to-slurm,agent,22,,False,4,results/kripke/flux-to-slurm/flux-to-slurm-command-22.out,5.140078e-10,805306368.0,,,
93,kripke,flux-to-slurm,agent,21,,False,2,results/kripke/flux-to-slurm/flux-to-slurm-command-21.out,1.123426e-09,805306368.0,,,
94,kripke,flux-to-slurm,agent,24,,True,2,results/kripke/flux-to-slurm/flux-to-slurm-improve-command-24.out,1.12045e-09,805306368.0,,,
95,kripke,flux-to-slurm,agent,23,,False,1,results/kripke/flux-to-slurm/flux-to-slurm-command-23.out,2.297321e-09,805306368.0,,,
97,kripke,flux-to-slurm,agent,22,,True,4,results/kripke/flux-to-slurm/flux-to-slurm-improve-command-22.out,5.127958e-10,805306368.0,,,
98,kripke,flux-to-slurm,agent,20,,True,1,results/kripke/flux-to-slurm/flux-to-slurm-improve-command-20.out,2.289847e-09,805306368.0,,,
99,kripke,flux-to-slurm,agent,23,,True,1,results/kripke/flux-to-slurm/flux-to-slurm-improve-command-23.out,2.299563e-09,805306368.0,,,
100,kripke,flux-to-slurm,agent,20,,False,1,results/kripke/flux-to-slurm/flux-to-slurm-command-20.out,2.291747e-09,805306368.0,,,
101,kripke,flux-to-slurm,agent,21,,True,2,results/kripke/flux-to-slurm/flux-to-slurm-improve-command-21.out,1.123954e-09,805306368.0,,,
102,amg2023,flux,manual,9,True,,5,results/amg2023/flux/amg2023-5-affinity-iter-9-36541229432832.out,8181676000.0,,,,
103,amg2023,flux,manual,10,False,,3,results/amg2023/flux/amg2023-3-iter-10-36560389013504.out,4941096000.0,,,,
104,amg2023,flux,manual,8,False,,5,results/amg2023/flux/amg2023-5-iter-8-36440062820352.out,8149454000.0,,,,
105,amg2023,flux,manual,7,False,,2,results/amg2023/flux/amg2023-2-iter-7-36307355041792.out,3325331000.0,,,,
106,amg2023,flux,manual,2,False,,5,results/amg2023/flux/amg2023-5-iter-2-35973102567424.out,8091314000.0,,,,
107,amg2023,flux,manual,6,False,,2,results/amg2023/flux/amg2023-2-iter-6-36223586402304.out,3338160000.0,,,,
108,amg2023,flux,manual,6,True,,1,results/amg2023/flux/amg2023-1-affinity-iter-6-36215432675328.out,1687202000.0,,,,
109,amg2023,flux,manual,7,False,,5,results/amg2023/flux/amg2023-5-iter-7-36349465853952.out,8149102000.0,,,,
110,amg2023,flux,manual,1,False,,3,results/amg2023/flux/amg2023-3-iter-1-35910406111232.out,4968952000.0,,,,
111,amg2023,flux,manual,1,False,,5,results/amg2023/flux/amg2023-5-iter-1-35920422109184.out,8159498000.0,,,,
112,amg2023,flux,manual,3,False,,4,results/amg2023/flux/amg2023-4-iter-3-36023031562240.out,6559301000.0,,,,
113,amg2023,flux,manual,5,False,,2,results/amg2023/flux/amg2023-2-iter-5-36145756897280.out,3336056000.0,,,,
115,amg2023,flux,manual,3,False,,1,results/amg2023/flux/amg2023-1-iter-3-35990014001152.out,1688445000.0,,,,
116,amg2023,flux,manual,6,False,,3,results/amg2023/flux/amg2023-3-iter-6-36229391319040.out,4974612000.0,,,,
117,amg2023,flux,manual,6,False,,4,results/amg2023/flux/amg2023-4-iter-6-36253198188544.out,6538857000.0,,,,
118,amg2023,flux,manual,5,False,,4,results/amg2023/flux/amg2023-4-iter-5-36175519678464.out,6554313000.0,,,,
119,amg2023,flux,manual,10,False,,1,results/amg2023/flux/amg2023-1-iter-10-36545910276096.out,1689475000.0,,,,
120,amg2023,flux,manual,4,False,,1,results/amg2023/flux/amg2023-1-iter-4-36046536441856.out,1686931000.0,,,,
121,amg2023,flux,manual,5,True,,3,results/amg2023/flux/amg2023-3-affinity-iter-5-36167969931264.out,4977023000.0,,,,
122,amg2023,flux,manual,1,True,,2,results/amg2023/flux/amg2023-2-affinity-iter-1-35913694445568.out,3346632000.0,,,,
123,amg2023,flux,manual,9,False,,5,results/amg2023/flux/amg2023-5-iter-9-36528948510720.out,8090777000.0,,,,
124,amg2023,flux,manual,5,True,,1,results/amg2023/flux/amg2023-1-affinity-iter-5-36135925448704.out,1687872000.0,,,,
125,amg2023,flux,manual,4,False,,2,results/amg2023/flux/amg2023-2-iter-4-36061652713472.out,3337675000.0,,,,
126,amg2023,flux,manual,8,True,,5,results/amg2023/flux/amg2023-5-affinity-iter-8-36462443626496.out,8121551000.0,,,,
127,amg2023,flux,manual,4,False,,3,results/amg2023/flux/amg2023-3-iter-4-36068380377088.out,4964351000.0,,,,
128,amg2023,flux,manual,2,True,,2,results/amg2023/flux/amg2023-2-affinity-iter-2-35955385827328.out,3344157000.0,,,,
129,amg2023,flux,manual,5,True,,5,results/amg2023/flux/amg2023-5-affinity-iter-5-36201776021504.out,8195493000.0,,,,
130,amg2023,flux,manual,10,True,,2,results/amg2023/flux/amg2023-2-affinity-iter-10-36566126821376.out,3338177000.0,,,,
131,amg2023,flux,manual,7,False,,3,results/amg2023/flux/amg2023-3-iter-7-36313126404096.out,4967392000.0,,,,
132,amg2023,flux,manual,1,True,,1,results/amg2023/flux/amg2023-1-affinity-iter-1-35903661670400.out,1686447000.0,,,,
133,amg2023,flux,manual,10,False,,2,results/amg2023/flux/amg2023-2-iter-10-36554634428416.out,3334365000.0,,,,
134,amg2023,flux,manual,7,True,,4,results/amg2023/flux/amg2023-4-affinity-iter-7-36357669912576.out,6546074000.0,,,,
135,amg2023,flux,manual,1,True,,3,results/amg2023/flux/amg2023-3-affinity-iter-1-35916026478592.out,4972922000.0,,,,
136,amg2023,flux,manual,3,False,,2,results/amg2023/flux/amg2023-2-iter-3-36000533315584.out,3339106000.0,,,,
137,amg2023,flux,manual,7,True,,3,results/amg2023/flux/amg2023-3-affinity-iter-7-36330658594816.out,4975594000.0,,,,
138,amg2023,flux,manual,2,False,,3,results/amg2023/flux/amg2023-3-iter-2-35945957031936.out,4969837000.0,,,,
139,amg2023,flux,manual,5,False,,3,results/amg2023/flux/amg2023-3-iter-5-36149397553152.out,4948106000.0,,,,
140,amg2023,flux,manual,7,False,,4,results/amg2023/flux/amg2023-4-iter-7-36337956683776.out,6555505000.0,,,,
141,amg2023,flux,manual,4,True,,5,results/amg2023/flux/amg2023-5-affinity-iter-4-36119601217536.out,8177010000.0,,,,
142,amg2023,flux,manual,8,True,,3,results/amg2023/flux/amg2023-3-affinity-iter-8-36421440110592.out,4941734000.0,,,,
143,amg2023,flux,manual,4,True,,4,results/amg2023/flux/amg2023-4-affinity-iter-4-36110742847488.out,6571685000.0,,,,
144,amg2023,flux,manual,1,False,,1,results/amg2023/flux/amg2023-1-iter-1-35901430300672.out,1630184000.0,,,,
145,amg2023,flux,manual,2,False,,1,results/amg2023/flux/amg2023-1-iter-2-35927183327232.out,1685093000.0,,,,
146,amg2023,flux,manual,5,False,,1,results/amg2023/flux/amg2023-1-iter-5-36128862240768.out,1690226000.0,,,,
147,amg2023,flux,manual,10,True,,4,results/amg2023/flux/amg2023-4-affinity-iter-10-36591074541568.out,6552969000.0,,,,
148,amg2023,flux,manual,3,True,,4,results/amg2023/flux/amg2023-4-affinity-iter-3-36033903198208.out,6569646000.0,,,,
149,amg2023,flux,manual,3,True,,5,results/amg2023/flux/amg2023-5-affinity-iter-3-36039238352896.out,8117830000.0,,,,
150,amg2023,flux,manual,4,True,,3,results/amg2023/flux/amg2023-3-affinity-iter-4-36085442805760.out,4977017000.0,,,,
151,amg2023,flux,manual,4,False,,5,results/amg2023/flux/amg2023-5-iter-4-36102220021760.out,8123006000.0,,,,
152,amg2023,flux,manual,6,True,,4,results/amg2023/flux/amg2023-4-affinity-iter-6-36269975404544.out,6573639000.0,,,,
153,amg2023,flux,manual,3,True,,3,results/amg2023/flux/amg2023-3-affinity-iter-3-36017176313856.out,4958054000.0,,,,
154,amg2023,flux,manual,8,True,,2,results/amg2023/flux/amg2023-2-affinity-iter-8-36410467811328.out,3343777000.0,,,,
155,amg2023,flux,manual,9,False,,3,results/amg2023/flux/amg2023-3-iter-9-36493850574848.out,4974588000.0,,,,
156,amg2023,flux,manual,5,True,,4,results/amg2023/flux/amg2023-4-affinity-iter-5-36194494709760.out,6525603000.0,,,,
157,amg2023,flux,manual,4,True,,2,results/amg2023/flux/amg2023-2-affinity-iter-4-36076450217984.out,3346309000.0,,,,
158,amg2023,flux,manual,3,True,,2,results/amg2023/flux/amg2023-2-affinity-iter-3-36011706941440.out,3345953000.0,,,,
159,amg2023,flux,manual,8,False,,3,results/amg2023/flux/amg2023-3-iter-8-36403236831232.out,4965037000.0,,,,
160,amg2023,flux,manual,7,True,,2,results/amg2023/flux/amg2023-2-affinity-iter-7-36320676151296.out,3347751000.0,,,,
161,amg2023,flux,manual,9,False,,2,results/amg2023/flux/amg2023-2-iter-9-36483666804736.out,3341367000.0,,,,
162,amg2023,flux,manual,9,False,,1,results/amg2023/flux/amg2023-1-iter-9-36469657829376.out,1687056000.0,,,,
163,amg2023,flux,manual,2,True,,1,results/amg2023/flux/amg2023-1-affinity-iter-2-35934246535168.out,1682729000.0,,,,
164,amg2023,flux,manual,9,True,,2,results/amg2023/flux/amg2023-2-affinity-iter-9-36500964114432.out,3347139000.0,,,,
165,amg2023,flux,manual,8,True,,1,results/amg2023/flux/amg2023-1-affinity-iter-8-36385704640512.out,1687337000.0,,,,
166,amg2023,flux,manual,6,True,,3,results/amg2023/flux/amg2023-3-affinity-iter-6-36246772514816.out,4973661000.0,,,,
167,amg2023,flux,manual,9,False,,4,results/amg2023/flux/amg2023-4-iter-9-36519419052032.out,6560780000.0,,,,
168,amg2023,flux,manual,5,False,,5,results/amg2023/flux/amg2023-5-iter-5-36186156433408.out,8148727000.0,,,,
169,amg2023,flux,manual,8,True,,4,results/amg2023/flux/amg2023-4-affinity-iter-8-36451303555072.out,6572188000.0,,,,
170,amg2023,flux,manual,1,True,,5,results/amg2023/flux/amg2023-5-affinity-iter-1-35924750630912.out,8194123000.0,,,,
171,amg2023,flux,manual,1,True,,4,results/amg2023/flux/amg2023-4-affinity-iter-1-35922586370048.out,6560921000.0,,,,
172,amg2023,flux,manual,3,True,,1,results/amg2023/flux/amg2023-1-affinity-iter-3-35994845839360.out,1689111000.0,,,,
173,amg2023,flux,manual,6,False,,5,results/amg2023/flux/amg2023-5-iter-6-36259120545792.out,8152779000.0,,,,
174,amg2023,flux,manual,7,True,,1,results/amg2023/flux/amg2023-1-affinity-iter-7-36296852504576.out,1685129000.0,,,,
175,amg2023,flux,manual,10,True,,5,results/amg2023/flux/amg2023-5-affinity-iter-10-36597433106432.out,8159688000.0,,,,
176,amg2023,flux,manual,3,False,,3,results/amg2023/flux/amg2023-3-iter-3-36005482594304.out,4976492000.0,,,,
177,amg2023,flux,manual,9,True,,4,results/amg2023/flux/amg2023-4-affinity-iter-9-36534770204672.out,6575771000.0,,,,
178,amg2023,flux,manual,1,False,,2,results/amg2023/flux/amg2023-2-iter-1-35905859485696.out,3344447000.0,,,,
179,amg2023,flux,manual,7,True,,5,results/amg2023/flux/amg2023-5-affinity-iter-7-36367551692800.out,8183077000.0,,,,
180,amg2023,flux,manual,6,False,,1,results/amg2023/flux/amg2023-1-iter-6-36208554016768.out,1687107000.0,,,,
181,amg2023,flux,manual,4,False,,4,results/amg2023/flux/amg2023-4-iter-4-36092321464320.out,6544968000.0,,,,
182,amg2023,flux,manual,4,True,,1,results/amg2023/flux/amg2023-1-affinity-iter-4-36054321070080.out,1688203000.0,,,,
183,amg2023,flux,manual,10,True,,1,results/amg2023/flux/amg2023-1-affinity-iter-10-36549097947136.out,1686514000.0,,,,
184,amg2023,flux,manual,1,False,,4,results/amg2023/flux/amg2023-4-iter-1-35918207516672.out,6537834000.0,,,,
185,amg2023,flux,manual,6,True,,5,results/amg2023/flux/amg2023-5-affinity-iter-6-36278934437888.out,8159678000.0,,,,
186,amg2023,flux,manual,8,False,,2,results/amg2023/flux/amg2023-2-iter-8-36396207177728.out,3340108000.0,,,,
187,amg2023,flux,manual,8,False,,4,results/amg2023/flux/amg2023-4-iter-8-36429325402112.out,6566539000.0,,,,
188,amg2023,flux,manual,2,True,,4,results/amg2023/flux/amg2023-4-affinity-iter-2-35978857152512.out,6579935000.0,,,,
189,amg2023,flux,manual,2,False,,2,results/amg2023/flux/amg2023-2-iter-2-35940688986112.out,3319294000.0,,,,
190,amg2023,flux,manual,2,False,,4,results/amg2023/flux/amg2023-4-iter-2-35967549308928.out,6559432000.0,,,,
191,amg2023,flux,manual,2,True,,3,results/amg2023/flux/amg2023-3-affinity-iter-2-35961190744064.out,4980831000.0,,,,
192,amg2023,flux,manual,10,False,,5,results/amg2023/flux/amg2023-5-iter-10-36585001189376.out,8153742000.0,,,,
193,amg2023,flux,manual,3,False,,5,results/amg2023/flux/amg2023-5-iter-3-36027846623232.out,8158041000.0,,,,
194,amg2023,flux,manual,5,True,,2,results/amg2023/flux/amg2023-2-affinity-iter-5-36157484171264.out,3332695000.0,,,,
195,amg2023,flux,manual,2,True,,5,results/amg2023/flux/amg2023-5-affinity-iter-2-35984276193280.out,8169170000.0,,,,
196,amg2023,flux,manual,7,False,,1,results/amg2023/flux/amg2023-1-iter-7-36289789296640.out,1685118000.0,,,,
197,amg2023,flux,manual,8,False,,1,results/amg2023/flux/amg2023-1-iter-8-36375235657728.out,1687092000.0,,,,
198,amg2023,flux,manual,9,True,,3,results/amg2023/flux/amg2023-3-affinity-iter-9-36511282102272.out,4936150000.0,,,,
199,amg2023,flux,manual,10,True,,3,results/amg2023/flux/amg2023-3-affinity-iter-10-36571948515328.out,4967627000.0,,,,
200,amg2023,flux,manual,9,True,,1,results/amg2023/flux/amg2023-1-affinity-iter-9-36480026148864.out,1687317000.0,,,,
201,amg2023,flux,manual,6,True,,2,results/amg2023/flux/amg2023-2-affinity-iter-6-36237679263744.out,3342936000.0,,,,
202,amg2023,slurm,manual,1,True,,4,results/amg2023/slurm/amg2023-4-nodes-affinity-1.out,6612568000.0,,,,
203,amg2023,slurm,manual,5,True,,3,results/amg2023/slurm/amg2023-3-nodes-affinity-5.out,4984137000.0,,,,
205,amg2023,slurm,manual,2,True,,2,results/amg2023/slurm/amg2023-2-nodes-affinity-2.out,3346701000.0,,,,
206,amg2023,slurm,manual,1,True,,2,results/amg2023/slurm/amg2023-2-nodes-affinity-1.out,3337697000.0,,,,
207,amg2023,slurm,manual,3,False,,3,results/amg2023/slurm/amg2023-3-nodes-3.out,4981291000.0,,,,
208,amg2023,slurm,manual,2,True,,5,results/amg2023/slurm/amg2023-5-nodes-affinity-2.out,8225948000.0,,,,
209,amg2023,slurm,manual,2,True,,4,results/amg2023/slurm/amg2023-4-nodes-affinity-2.out,6600278000.0,,,,
210,amg2023,slurm,manual,5,True,,1,results/amg2023/slurm/amg2023-1-nodes-affinity-5.out,1684288000.0,,,,
211,amg2023,slurm,manual,5,False,,4,results/amg2023/slurm/amg2023-4-nodes-5.out,6610725000.0,,,,
212,amg2023,slurm,manual,5,True,,2,results/amg2023/slurm/amg2023-2-nodes-affinity-5.out,3346772000.0,,,,
213,amg2023,slurm,manual,4,True,,5,results/amg2023/slurm/amg2023-5-nodes-affinity-4.out,8223958000.0,,,,
214,amg2023,slurm,manual,4,True,,4,results/amg2023/slurm/amg2023-4-nodes-affinity-4.out,6597329000.0,,,,
215,amg2023,slurm,manual,4,True,,3,results/amg2023/slurm/amg2023-3-nodes-affinity-4.out,4966343000.0,,,,
216,amg2023,slurm,manual,4,False,,5,results/amg2023/slurm/amg2023-5-nodes-4.out,8149254000.0,,,,
217,amg2023,slurm,manual,3,True,,5,results/amg2023/slurm/amg2023-5-nodes-affinity-3.out,8222034000.0,,,,
218,amg2023,slurm,manual,3,True,,1,results/amg2023/slurm/amg2023-1-nodes-affinity-3.out,1689642000.0,,,,
219,amg2023,slurm,manual,2,True,,3,results/amg2023/slurm/amg2023-3-nodes-affinity-2.out,4966651000.0,,,,
220,amg2023,slurm,manual,1,True,,3,results/amg2023/slurm/amg2023-3-nodes-affinity-1.out,4982344000.0,,,,
221,amg2023,slurm,manual,3,True,,4,results/amg2023/slurm/amg2023-4-nodes-affinity-3.out,6601481000.0,,,,
222,amg2023,slurm,manual,5,False,,1,results/amg2023/slurm/amg2023-1-nodes-5.out,1691672000.0,,,,
223,amg2023,slurm,manual,1,False,,3,results/amg2023/slurm/amg2023-3-nodes-1.out,4980691000.0,,,,
224,amg2023,slurm,manual,1,False,,4,results/amg2023/slurm/amg2023-4-nodes-1.out,6604099000.0,,,,
225,amg2023,slurm,manual,3,False,,1,results/amg2023/slurm/amg2023-1-nodes-3.out,1687830000.0,,,,
226,amg2023,slurm,manual,2,False,,2,results/amg2023/slurm/amg2023-2-nodes-2.out,3347912000.0,,,,
227,amg2023,slurm,manual,1,False,,1,results/amg2023/slurm/amg2023-1-nodes-1.out,1687405000.0,,,,
228,amg2023,slurm,manual,2,False,,5,results/amg2023/slurm/amg2023-5-nodes-2.out,8218635000.0,,,,
229,amg2023,slurm,manual,5,False,,5,results/amg2023/slurm/amg2023-5-nodes-5.out,8225616000.0,,,,
230,amg2023,slurm,manual,3,True,,2,results/amg2023/slurm/amg2023-2-nodes-affinity-3.out,3334908000.0,,,,
231,amg2023,slurm,manual,2,True,,1,results/amg2023/slurm/amg2023-1-nodes-affinity-2.out,1691797000.0,,,,
232,amg2023,slurm,manual,2,False,,4,results/amg2023/slurm/amg2023-4-nodes-2.out,6566458000.0,,,,
233,amg2023,slurm,manual,1,False,,5,results/amg2023/slurm/amg2023-5-nodes-1.out,8158930000.0,,,,
234,amg2023,slurm,manual,2,False,,3,results/amg2023/slurm/amg2023-3-nodes-2.out,4976435000.0,,,,
235,amg2023,slurm,manual,4,False,,4,results/amg2023/slurm/amg2023-4-nodes-4.out,6562793000.0,,,,
236,amg2023,slurm,manual,5,False,,2,results/amg2023/slurm/amg2023-2-nodes-5.out,3343804000.0,,,,
237,amg2023,slurm,manual,1,True,,1,results/amg2023/slurm/amg2023-1-nodes-affinity-1.out,1690502000.0,,,,
238,amg2023,slurm,manual,1,False,,2,results/amg2023/slurm/amg2023-2-nodes-1.out,3349508000.0,,,,
239,amg2023,slurm,manual,4,False,,1,results/amg2023/slurm/amg2023-1-nodes-4.out,1689357000.0,,,,
240,amg2023,slurm,manual,4,True,,1,results/amg2023/slurm/amg2023-1-nodes-affinity-4.out,1689329000.0,,,,
241,amg2023,slurm,manual,3,False,,2,results/amg2023/slurm/amg2023-2-nodes-3.out,3348712000.0,,,,
242,amg2023,slurm,manual,3,True,,3,results/amg2023/slurm/amg2023-3-nodes-affinity-3.out,4984098000.0,,,,
245,amg2023,slurm,manual,4,False,,2,results/amg2023/slurm/amg2023-2-nodes-4.out,3344721000.0,,,,
246,amg2023,slurm,manual,4,True,,2,results/amg2023/slurm/amg2023-2-nodes-affinity-4.out,3349210000.0,,,,
247,amg2023,slurm,manual,5,True,,4,results/amg2023/slurm/amg2023-4-nodes-affinity-5.out,6601947000.0,,,,
248,amg2023,slurm,manual,2,False,,1,results/amg2023/slurm/amg2023-1-nodes-2.out,1691268000.0,,,,
249,amg2023,slurm,manual,3,False,,5,results/amg2023/slurm/amg2023-5-nodes-3.out,8219339000.0,,,,
250,amg2023,slurm,manual,4,False,,3,results/amg2023/slurm/amg2023-3-nodes-4.out,4980235000.0,,,,
251,amg2023,slurm,manual,3,False,,4,results/amg2023/slurm/amg2023-4-nodes-3.out,6603803000.0,,,,
252,amg2023,flux-to-slurm,agent,3,,False,3,results/amg2023/flux-to-slurm/3/flux-to-slurm-command-12.out,4890743000.0,,,,
253,amg2023,flux-to-slurm,agent,3,,True,1,results/amg2023/flux-to-slurm/3/flux-to-slurm-improve-command-10.out,1687671000.0,,,,
254,amg2023,flux-to-slurm,agent,3,,True,3,results/amg2023/flux-to-slurm/3/flux-to-slurm-improve-command-17.out,4895653000.0,,,,
255,amg2023,flux-to-slurm,agent,3,,True,3,results/amg2023/flux-to-slurm/3/flux-to-slurm-improve-command-12.out,4885127000.0,,,,
256,amg2023,flux-to-slurm,agent,3,,False,2,results/amg2023/flux-to-slurm/3/flux-to-slurm-command-11.out,3353314000.0,,,,
257,amg2023,flux-to-slurm,agent,3,,False,1,results/amg2023/flux-to-slurm/3/flux-to-slurm-command-15.out,1689987000.0,,,,
258,amg2023,flux-to-slurm,agent,3,,True,5,results/amg2023/flux-to-slurm/3/flux-to-slurm-improve-command-14.out,8121512000.0,,,,
259,amg2023,flux-to-slurm,agent,3,,True,4,results/amg2023/flux-to-slurm/3/flux-to-slurm-improve-command-13.out,6492436000.0,,,,
262,amg2023,flux-to-slurm,agent,3,,False,5,results/amg2023/flux-to-slurm/3/flux-to-slurm-command-14.out,8036395000.0,,,,
263,amg2023,flux-to-slurm,agent,3,,False,1,results/amg2023/flux-to-slurm/3/flux-to-slurm-command-10.out,1690434000.0,,,,
264,amg2023,flux-to-slurm,agent,3,,True,2,results/amg2023/flux-to-slurm/3/flux-to-slurm-improve-command-11.out,3352457000.0,,,,
266,amg2023,flux-to-slurm,agent,3,,False,5,results/amg2023/flux-to-slurm/3/flux-to-slurm-command-19.out,8073711000.0,,,,
267,amg2023,flux-to-slurm,agent,3,,True,5,results/amg2023/flux-to-slurm/3/flux-to-slurm-improve-command-19.out,8120148000.0,,,,
268,amg2023,flux-to-slurm,agent,3,,False,2,results/amg2023/flux-to-slurm/3/flux-to-slurm-command-16.out,3357326000.0,,,,
269,amg2023,flux-to-slurm,agent,3,,True,4,results/amg2023/flux-to-slurm/3/flux-to-slurm-improve-command-18.out,6517540000.0,,,,
270,amg2023,flux-to-slurm,agent,3,,True,1,results/amg2023/flux-to-slurm/3/flux-to-slurm-improve-command-15.out,1686649000.0,,,,
271,amg2023,flux-to-slurm,agent,3,,False,4,results/amg2023/flux-to-slurm/3/flux-to-slurm-command-13.out,6499471000.0,,,,
272,amg2023,flux-to-slurm,agent,1,,False,3,results/amg2023/flux-to-slurm/1/flux-to-slurm-command-12.out,4883190000.0,,,,
273,amg2023,flux-to-slurm,agent,1,,True,1,results/amg2023/flux-to-slurm/1/flux-to-slurm-improve-command-10.out,1691086000.0,,,,
274,amg2023,flux-to-slurm,agent,1,,True,3,results/amg2023/flux-to-slurm/1/flux-to-slurm-improve-command-17.out,4885401000.0,,,,
275,amg2023,flux-to-slurm,agent,1,,True,3,results/amg2023/flux-to-slurm/1/flux-to-slurm-improve-command-12.out,4892095000.0,,,,
276,amg2023,flux-to-slurm,agent,1,,False,2,results/amg2023/flux-to-slurm/1/flux-to-slurm-command-11.out,3354935000.0,,,,
277,amg2023,flux-to-slurm,agent,1,,False,1,results/amg2023/flux-to-slurm/1/flux-to-slurm-command-15.out,1692965000.0,,,,
278,amg2023,flux-to-slurm,agent,1,,True,5,results/amg2023/flux-to-slurm/1/flux-to-slurm-improve-command-14.out,8114632000.0,,,,
279,amg2023,flux-to-slurm,agent,1,,True,4,results/amg2023/flux-to-slurm/1/flux-to-slurm-improve-command-13.out,6471463000.0,,,,
282,amg2023,flux-to-slurm,agent,1,,False,5,results/amg2023/flux-to-slurm/1/flux-to-slurm-command-14.out,8084214000.0,,,,
283,amg2023,flux-to-slurm,agent,1,,False,1,results/amg2023/flux-to-slurm/1/flux-to-slurm-command-10.out,1691412000.0,,,,
284,amg2023,flux-to-slurm,agent,1,,True,2,results/amg2023/flux-to-slurm/1/flux-to-slurm-improve-command-11.out,3356749000.0,,,,
286,amg2023,flux-to-slurm,agent,1,,False,5,results/amg2023/flux-to-slurm/1/flux-to-slurm-command-19.out,8092158000.0,,,,
287,amg2023,flux-to-slurm,agent,1,,True,5,results/amg2023/flux-to-slurm/1/flux-to-slurm-improve-command-19.out,8105402000.0,,,,
288,amg2023,flux-to-slurm,agent,1,,False,2,results/amg2023/flux-to-slurm/1/flux-to-slurm-command-16.out,3345916000.0,,,,
289,amg2023,flux-to-slurm,agent,1,,True,4,results/amg2023/flux-to-slurm/1/flux-to-slurm-improve-command-18.out,6454844000.0,,,,
290,amg2023,flux-to-slurm,agent,1,,True,1,results/amg2023/flux-to-slurm/1/flux-to-slurm-improve-command-15.out,1691101000.0,,,,
291,amg2023,flux-to-slurm,agent,1,,False,4,results/amg2023/flux-to-slurm/1/flux-to-slurm-command-13.out,6508239000.0,,,,
292,amg2023,flux-to-slurm,agent,2,,False,3,results/amg2023/flux-to-slurm/2/flux-to-slurm-command-12.out,4900040000.0,,,,
293,amg2023,flux-to-slurm,agent,2,,True,1,results/amg2023/flux-to-slurm/2/flux-to-slurm-improve-command-10.out,1689952000.0,,,,
294,amg2023,flux-to-slurm,agent,2,,True,3,results/amg2023/flux-to-slurm/2/flux-to-slurm-improve-command-17.out,4892178000.0,,,,
295,amg2023,flux-to-slurm,agent,2,,True,3,results/amg2023/flux-to-slurm/2/flux-to-slurm-improve-command-12.out,4901663000.0,,,,
296,amg2023,flux-to-slurm,agent,2,,False,2,results/amg2023/flux-to-slurm/2/flux-to-slurm-command-11.out,3344343000.0,,,,
297,amg2023,flux-to-slurm,agent,2,,False,1,results/amg2023/flux-to-slurm/2/flux-to-slurm-command-15.out,1692144000.0,,,,
298,amg2023,flux-to-slurm,agent,2,,True,5,results/amg2023/flux-to-slurm/2/flux-to-slurm-improve-command-14.out,8154620000.0,,,,
299,amg2023,flux-to-slurm,agent,2,,True,4,results/amg2023/flux-to-slurm/2/flux-to-slurm-improve-command-13.out,6475583000.0,,,,
302,amg2023,flux-to-slurm,agent,2,,False,5,results/amg2023/flux-to-slurm/2/flux-to-slurm-command-14.out,8114291000.0,,,,
303,amg2023,flux-to-slurm,agent,2,,False,1,results/amg2023/flux-to-slurm/2/flux-to-slurm-command-10.out,1690802000.0,,,,
304,amg2023,flux-to-slurm,agent,2,,True,2,results/amg2023/flux-to-slurm/2/flux-to-slurm-improve-command-11.out,3355808000.0,,,,
306,amg2023,flux-to-slurm,agent,2,,False,5,results/amg2023/flux-to-slurm/2/flux-to-slurm-command-19.out,8105831000.0,,,,
307,amg2023,flux-to-slurm,agent,2,,True,5,results/amg2023/flux-to-slurm/2/flux-to-slurm-improve-command-19.out,8098805000.0,,,,
308,amg2023,flux-to-slurm,agent,2,,False,2,results/amg2023/flux-to-slurm/2/flux-to-slurm-command-16.out,3341818000.0,,,,
309,amg2023,flux-to-slurm,agent,2,,True,4,results/amg2023/flux-to-slurm/2/flux-to-slurm-improve-command-18.out,6464663000.0,,,,
310,amg2023,flux-to-slurm,agent,2,,True,1,results/amg2023/flux-to-slurm/2/flux-to-slurm-improve-command-15.out,1690871000.0,,,,
311,amg2023,flux-to-slurm,agent,2,,False,4,results/amg2023/flux-to-slurm/2/flux-to-slurm-command-13.out,6495713000.0,,,,
312,lammps-reax,flux,manual,10,True,,3,results/lammps-reax/flux/lammps-reax-3-affinity-iter-10-60506039648256.out,1.99,,,98.4,126.0
313,lammps-reax,flux,manual,8,False,,1,results/lammps-reax/flux/lammps-reax-1-iter-8-26725719212032.out,0.722,,,98.4,346.0
314,lammps-reax,flux,manual,4,False,,3,results/lammps-reax/flux/lammps-reax-3-iter-4-60399453995008.out,2.008,,,98.4,125.0
315,lammps-reax,flux,manual,5,True,,5,results/lammps-reax/flux/lammps-reax-5-affinity-iter-5-116070450987008.out,3.098,,,98.3,81.0
316,lammps-reax,flux,manual,1,True,,3,results/lammps-reax/flux/lammps-reax-3-affinity-iter-1-60375009591296.out,1.996,,,98.4,125.0
317,lammps-reax,flux,manual,3,True,,2,results/lammps-reax/flux/lammps-reax-2-affinity-iter-3-60392424341504.out,1.377,,,98.4,181.0
318,lammps-reax,flux,manual,2,False,,1,results/lammps-reax/flux/lammps-reax-1-iter-2-26696644296704.out,0.72148,,,98.4,346.0
319,lammps-reax,flux,manual,6,True,,4,results/lammps-reax/flux/lammps-reax-4-affinity-iter-6-116076239126528.out,2.543,,,98.3,98.0
320,lammps-reax,flux,manual,5,True,,2,results/lammps-reax/flux/lammps-reax-2-affinity-iter-5-60421935464448.out,1.378,,,98.4,181.0
321,lammps-reax,flux,manual,1,True,,4,results/lammps-reax/flux/lammps-reax-4-affinity-iter-1-116037836079104.out,2.548,,,98.3,98.0
322,lammps-reax,flux,manual,6,True,,1,results/lammps-reax/flux/lammps-reax-1-affinity-iter-6-26717431267328.out,0.716711,,,98.4,348.0
323,lammps-reax,flux,manual,1,True,,2,results/lammps-reax/flux/lammps-reax-2-affinity-iter-1-60373013102592.out,1.379,,,98.4,181.0
324,lammps-reax,flux,manual,8,True,,1,results/lammps-reax/flux/lammps-reax-1-affinity-iter-8-26730148397056.out,0.7198490000000001,,,98.4,347.0
325,lammps-reax,flux,manual,7,False,,1,results/lammps-reax/flux/lammps-reax-1-iter-7-26720484720640.out,0.719194,,,98.4,347.0
326,lammps-reax,flux,manual,9,False,,2,results/lammps-reax/flux/lammps-reax-2-iter-9-60477451272192.out,1.373,,,98.4,182.0
327,lammps-reax,flux,manual,7,False,,3,results/lammps-reax/flux/lammps-reax-3-iter-7-60451262038016.out,2.001,,,98.4,125.0
328,lammps-reax,flux,manual,4,False,,5,results/lammps-reax/flux/lammps-reax-5-iter-4-116058975371264.out,3.097,,,98.3,81.0
329,lammps-reax,flux,manual,5,False,,3,results/lammps-reax/flux/lammps-reax-3-iter-5-60417791492096.out,1.969,,,98.4,127.0
330,lammps-reax,flux,manual,7,True,,1,results/lammps-reax/flux/lammps-reax-1-affinity-iter-7-26723454287872.out,0.717847,,,98.4,348.0
331,lammps-reax,flux,manual,8,False,,4,results/lammps-reax/flux/lammps-reax-4-iter-8-116087765073920.out,2.564,,,98.3,98.0
332,lammps-reax,flux,manual,7,False,,4,results/lammps-reax/flux/lammps-reax-4-iter-7-116080064331776.out,2.512,,,98.3,100.0
333,lammps-reax,flux,manual,3,False,,2,results/lammps-reax/flux/lammps-reax-2-iter-3-60387777052672.out,1.375,,,98.4,182.0
334,lammps-reax,flux,manual,9,False,,3,results/lammps-reax/flux/lammps-reax-3-iter-9-60482216001536.out,1.991,,,98.4,126.0
335,lammps-reax,flux,manual,3,False,,3,results/lammps-reax/flux/lammps-reax-3-iter-3-60390125862912.out,1.998,,,98.4,126.0
336,lammps-reax,flux,manual,1,True,,1,results/lammps-reax/flux/lammps-reax-1-affinity-iter-1-26694681362432.out,0.7171960000000001,,,98.4,348.0
337,lammps-reax,flux,manual,3,False,,1,results/lammps-reax/flux/lammps-reax-1-iter-3-26700519833600.out,0.724186,,,98.4,345.0
338,lammps-reax,flux,manual,10,True,,1,results/lammps-reax/flux/lammps-reax-1-affinity-iter-10-26749609967616.out,0.718133,,,98.4,348.0
339,lammps-reax,flux,manual,2,True,,5,results/lammps-reax/flux/lammps-reax-5-affinity-iter-2-116047415869440.out,3.106,,,98.3,81.0
340,lammps-reax,flux,manual,2,True,,1,results/lammps-reax/flux/lammps-reax-1-affinity-iter-2-26698573676544.out,0.718431,,,98.4,347.0
341,lammps-reax,flux,manual,10,True,,4,results/lammps-reax/flux/lammps-reax-4-affinity-iter-10-116107025317888.out,2.56,,,98.3,98.0
342,lammps-reax,flux,manual,1,False,,1,results/lammps-reax/flux/lammps-reax-1-iter-1-26692718428160.out,0.720505,,,98.4,347.0
343,lammps-reax,flux,manual,7,True,,5,results/lammps-reax/flux/lammps-reax-5-affinity-iter-7-116085818916864.out,3.073,,,98.3,81.0
344,lammps-reax,flux,manual,4,True,,4,results/lammps-reax/flux/lammps-reax-4-affinity-iter-4-116060887973888.out,2.528,,,98.3,99.0
345,lammps-reax,flux,manual,7,False,,2,results/lammps-reax/flux/lammps-reax-2-iter-7-60445876551680.out,1.386,,,98.4,181.0
346,lammps-reax,flux,manual,4,False,,1,results/lammps-reax/flux/lammps-reax-1-iter-4-26704529588224.out,0.7226269999999999,,,98.4,346.0
347,lammps-reax,flux,manual,9,True,,2,results/lammps-reax/flux/lammps-reax-2-affinity-iter-9-60486242533376.out,1.381,,,98.4,181.0
348,lammps-reax,flux,manual,2,False,,3,results/lammps-reax/flux/lammps-reax-3-iter-2-60381821140992.out,1.993,,,98.4,125.0
349,lammps-reax,flux,manual,5,False,,1,results/lammps-reax/flux/lammps-reax-1-iter-5-26711425024000.out,0.717785,,,98.4,348.0
350,lammps-reax,flux,manual,8,True,,3,results/lammps-reax/flux/lammps-reax-3-affinity-iter-8-60473609289728.out,1.999,,,98.4,125.0
351,lammps-reax,flux,manual,2,False,,5,results/lammps-reax/flux/lammps-reax-5-iter-2-116043590664192.out,2.982,,,98.3,84.0
352,lammps-reax,flux,manual,4,True,,3,results/lammps-reax/flux/lammps-reax-3-affinity-iter-4-60408899567616.out,2.004,,,98.4,125.0
353,lammps-reax,flux,manual,9,True,,5,results/lammps-reax/flux/lammps-reax-5-affinity-iter-9-116101237178368.out,3.076,,,98.3,81.0
354,lammps-reax,flux,manual,4,False,,2,results/lammps-reax/flux/lammps-reax-2-iter-4-60397289734144.out,1.379,,,98.4,181.0
355,lammps-reax,flux,manual,3,True,,1,results/lammps-reax/flux/lammps-reax-1-affinity-iter-3-26702499545088.out,0.7194980000000001,,,98.4,347.0
356,lammps-reax,flux,manual,6,False,,5,results/lammps-reax/flux/lammps-reax-5-iter-6-116074326523904.out,3.103,,,98.3,81.0
357,lammps-reax,flux,manual,6,False,,3,results/lammps-reax/flux/lammps-reax-3-iter-6-60434568708096.out,1.997,,,98.4,125.0
358,lammps-reax,flux,manual,3,False,,4,results/lammps-reax/flux/lammps-reax-4-iter-3-116049362026496.out,2.551,,,98.3,98.0
359,lammps-reax,flux,manual,8,False,,3,results/lammps-reax/flux/lammps-reax-3-iter-8-60466663522304.out,2.001,,,98.4,125.0
360,lammps-reax,flux,manual,4,True,,1,results/lammps-reax/flux/lammps-reax-1-affinity-iter-4-26708338016256.out,0.7187709999999999,,,98.4,347.0
361,lammps-reax,flux,manual,4,False,,4,results/lammps-reax/flux/lammps-reax-4-iter-4-116057062768640.out,2.555,,,98.3,98.0
362,lammps-reax,flux,manual,9,False,,4,results/lammps-reax/flux/lammps-reax-4-iter-9-116095432261632.out,2.565,,,98.3,98.0
363,lammps-reax,flux,manual,10,True,,2,results/lammps-reax/flux/lammps-reax-2-affinity-iter-10-60502130556928.out,1.371,,,98.4,182.0
364,lammps-reax,flux,manual,7,False,,5,results/lammps-reax/flux/lammps-reax-5-iter-7-116081993711616.out,3.107,,,98.3,81.0
365,lammps-reax,flux,manual,9,True,,3,results/lammps-reax/flux/lammps-reax-3-affinity-iter-9-60490688495616.out,2.001,,,98.4,125.0
366,lammps-reax,flux,manual,1,True,,5,results/lammps-reax/flux/lammps-reax-5-affinity-iter-1-116039765458944.out,3.098,,,98.3,81.0
367,lammps-reax,flux,manual,7,True,,2,results/lammps-reax/flux/lammps-reax-2-affinity-iter-7-60456731410432.out,1.369,,,98.4,182.0
368,lammps-reax,flux,manual,1,False,,5,results/lammps-reax/flux/lammps-reax-5-iter-1-116035923476480.out,3.077,,,98.3,82.0
369,lammps-reax,flux,manual,6,False,,4,results/lammps-reax/flux/lammps-reax-4-iter-6-116072397144064.out,2.551,,,98.3,98.0
370,lammps-reax,flux,manual,10,False,,2,results/lammps-reax/flux/lammps-reax-2-iter-10-60495184789504.out,1.381,,,98.4,181.0
371,lammps-reax,flux,manual,6,True,,3,results/lammps-reax/flux/lammps-reax-3-affinity-iter-6-60443125088256.out,2.001,,,98.4,125.0
372,lammps-reax,flux,manual,6,False,,2,results/lammps-reax/flux/lammps-reax-2-iter-6-60430374404096.out,1.385,,,98.4,180.0
373,lammps-reax,flux,manual,3,True,,5,results/lammps-reax/flux/lammps-reax-5-affinity-iter-3-116055116611584.out,3.091,,,98.3,81.0
374,lammps-reax,flux,manual,4,True,,2,results/lammps-reax/flux/lammps-reax-2-affinity-iter-4-60403698630656.out,1.381,,,98.4,181.0
375,lammps-reax,flux,manual,10,False,,5,results/lammps-reax/flux/lammps-reax-5-iter-10-116105095938048.out,3.092,,,98.3,81.0
376,lammps-reax,flux,manual,5,True,,1,results/lammps-reax/flux/lammps-reax-1-affinity-iter-5-26713438289920.out,0.718134,,,98.4,348.0
377,lammps-reax,flux,manual,9,True,,4,results/lammps-reax/flux/lammps-reax-4-affinity-iter-9-116099307798528.out,2.563,,,98.3,98.0
378,lammps-reax,flux,manual,1,False,,4,results/lammps-reax/flux/lammps-reax-4-iter-1-116033943764992.out,2.568,,,98.3,98.0
379,lammps-reax,flux,manual,5,False,,5,results/lammps-reax/flux/lammps-reax-5-iter-5-116066642558976.out,3.089,,,98.3,81.0
380,lammps-reax,flux,manual,9,False,,1,results/lammps-reax/flux/lammps-reax-1-iter-9-26734342701056.out,0.7207319999999999,,,98.4,346.0
381,lammps-reax,flux,manual,10,False,,4,results/lammps-reax/flux/lammps-reax-4-iter-10-116103183335424.out,2.561,,,98.3,98.0
382,lammps-reax,flux,manual,3,True,,4,results/lammps-reax/flux/lammps-reax-4-affinity-iter-3-116053220786176.out,2.574,,,98.3,97.0
383,lammps-reax,flux,manual,8,True,,4,results/lammps-reax/flux/lammps-reax-4-affinity-iter-8-116091590279168.out,2.563,,,98.3,98.0
384,lammps-reax,flux,manual,5,True,,3,results/lammps-reax/flux/lammps-reax-3-affinity-iter-5-60426230431744.out,1.997,,,98.4,125.0
385,lammps-reax,flux,manual,8,False,,2,results/lammps-reax/flux/lammps-reax-2-iter-8-60464683810816.out,1.379,,,98.4,182.0
386,lammps-reax,flux,manual,6,True,,2,results/lammps-reax/flux/lammps-reax-2-affinity-iter-6-60438729457664.out,1.383,,,98.4,181.0
387,lammps-reax,flux,manual,6,False,,1,results/lammps-reax/flux/lammps-reax-1-iter-6-26715401224192.out,0.72054,,,98.4,347.0
388,lammps-reax,flux,manual,1,False,,2,results/lammps-reax/flux/lammps-reax-2-iter-1-60369087234048.out,1.382,,,98.4,181.0
389,lammps-reax,flux,manual,9,True,,1,results/lammps-reax/flux/lammps-reax-1-affinity-iter-9-26739291979776.out,0.719919,,,98.4,347.0
390,lammps-reax,flux,manual,10,False,,3,results/lammps-reax/flux/lammps-reax-3-iter-10-60497902698496.out,2.004,,,98.4,125.0
391,lammps-reax,flux,manual,2,False,,2,results/lammps-reax/flux/lammps-reax-2-iter-2-60378700578816.out,1.376,,,98.4,182.0
392,lammps-reax,flux,manual,8,False,,5,results/lammps-reax/flux/lammps-reax-5-iter-8-116089677676544.out,3.102,,,98.3,81.0
393,lammps-reax,flux,manual,1,False,,3,results/lammps-reax/flux/lammps-reax-3-iter-1-60371033391104.out,1.982,,,98.3,128.0
394,lammps-reax,flux,manual,7,True,,3,results/lammps-reax/flux/lammps-reax-3-affinity-iter-7-60461311590400.out,1.972,,,98.4,127.0
395,lammps-reax,flux,manual,2,True,,2,results/lammps-reax/flux/lammps-reax-2-affinity-iter-2-60383851184128.out,1.373,,,98.4,182.0
396,lammps-reax,flux,manual,7,True,,4,results/lammps-reax/flux/lammps-reax-4-affinity-iter-7-116083906314240.out,2.564,,,98.3,98.0
397,lammps-reax,flux,manual,5,False,,4,results/lammps-reax/flux/lammps-reax-4-iter-5-116064729956352.out,2.556,,,98.3,98.0
398,lammps-reax,flux,manual,5,True,,4,results/lammps-reax/flux/lammps-reax-4-affinity-iter-5-116068555161600.out,2.559,,,98.3,98.0
399,lammps-reax,flux,manual,10,True,,5,results/lammps-reax/flux/lammps-reax-5-affinity-iter-10-116108937920512.out,3.08,,,98.3,81.0
400,lammps-reax,flux,manual,4,True,,5,results/lammps-reax/flux/lammps-reax-5-affinity-iter-4-116062800576512.out,3.081,,,98.3,81.0
401,lammps-reax,flux,manual,2,False,,4,results/lammps-reax/flux/lammps-reax-4-iter-2-116041678061568.out,2.554,,,98.3,98.0
402,lammps-reax,flux,manual,3,False,,5,results/lammps-reax/flux/lammps-reax-5-iter-3-116051291406336.out,3.098,,,98.3,81.0
403,lammps-reax,flux,manual,5,False,,2,results/lammps-reax/flux/lammps-reax-2-iter-5-60413597188096.out,1.375,,,98.4,182.0
404,lammps-reax,flux,manual,8,True,,2,results/lammps-reax/flux/lammps-reax-2-affinity-iter-8-60469314322432.out,1.378,,,98.4,181.0
405,lammps-reax,flux,manual,10,False,,1,results/lammps-reax/flux/lammps-reax-1-iter-10-26744945901568.out,0.724246,,,98.4,345.0
406,lammps-reax,flux,manual,3,True,,3,results/lammps-reax/flux/lammps-reax-3-affinity-iter-3-60394471161856.out,1.999,,,98.4,125.0
407,lammps-reax,flux,manual,2,True,,4,results/lammps-reax/flux/lammps-reax-4-affinity-iter-2-116045486489600.out,2.564,,,98.3,98.0
408,lammps-reax,flux,manual,6,True,,5,results/lammps-reax/flux/lammps-reax-5-affinity-iter-6-116078151729152.out,3.08,,,98.3,81.0
409,lammps-reax,flux,manual,9,False,,5,results/lammps-reax/flux/lammps-reax-5-iter-9-116097378418688.out,3.083,,,98.3,81.0
410,lammps-reax,flux,manual,8,True,,5,results/lammps-reax/flux/lammps-reax-5-affinity-iter-8-116093502881792.out,3.092,,,98.3,81.0
411,lammps-reax,flux,manual,2,True,,3,results/lammps-reax/flux/lammps-reax-3-affinity-iter-2-60385814118400.out,1.995,,,98.3,125.0
412,lammps-reax,slurm,manual,8,False,,1,results/lammps-reax/slurm/lammps-1-nodes-8.out,0.718736,,,98.4,347.0
413,lammps-reax,slurm,manual,8,True,,2,results/lammps-reax/slurm/lammps-2-nodes-affinity-8.out,1.381,,,98.4,181.0
414,lammps-reax,slurm,manual,3,True,,2,results/lammps-reax/slurm/lammps-2-nodes-affinity-3.out,1.386,,,98.4,180.0
415,lammps-reax,slurm,manual,1,False,,3,results/lammps-reax/slurm/lammps-3-nodes-1.out,2.006,,,98.4,124.0
416,lammps-reax,slurm,manual,10,False,,5,results/lammps-reax/slurm/lammps-5-nodes-10.out,3.078,,,98.3,81.0
417,lammps-reax,slurm,manual,2,False,,3,results/lammps-reax/slurm/lammps-3-nodes-2.out,1.989,,,98.4,125.0
418,lammps-reax,slurm,manual,9,True,,1,results/lammps-reax/slurm/lammps-1-nodes-affinity-9.out,0.719445,,,98.4,347.0
419,lammps-reax,slurm,manual,8,True,,3,results/lammps-reax/slurm/lammps-3-nodes-affinity-8.out,2.004,,,98.4,125.0
420,lammps-reax,slurm,manual,7,True,,3,results/lammps-reax/slurm/lammps-3-nodes-affinity-7.out,2.009,,,98.4,124.0
421,lammps-reax,slurm,manual,8,True,,1,results/lammps-reax/slurm/lammps-1-nodes-affinity-8.out,0.71854,,,98.4,347.0
422,lammps-reax,slurm,manual,10,False,,2,results/lammps-reax/slurm/lammps-2-nodes-10.out,1.388,,,98.4,180.0
423,lammps-reax,slurm,manual,6,False,,5,results/lammps-reax/slurm/lammps-5-nodes-6.out,3.08,,,98.3,81.0
424,lammps-reax,slurm,manual,6,False,,1,results/lammps-reax/slurm/lammps-1-nodes-6.out,0.718877,,,98.4,347.0
425,lammps-reax,slurm,manual,8,False,,4,results/lammps-reax/slurm/lammps-4-nodes-8.out,2.572,,,98.3,97.0
426,lammps-reax,slurm,manual,5,False,,4,results/lammps-reax/slurm/lammps-4-nodes-5.out,2.571,,,98.3,97.0
427,lammps-reax,slurm,manual,4,False,,4,results/lammps-reax/slurm/lammps-4-nodes-4.out,2.573,,,98.3,97.0
428,lammps-reax,slurm,manual,6,False,,4,results/lammps-reax/slurm/lammps-4-nodes-6.out,2.571,,,98.3,97.0
429,lammps-reax,slurm,manual,1,True,,4,results/lammps-reax/slurm/lammps-4-nodes-affinity-1.out,2.572,,,98.3,97.0
430,lammps-reax,slurm,manual,5,True,,2,results/lammps-reax/slurm/lammps-2-nodes-affinity-5.out,1.383,,,98.4,181.0
431,lammps-reax,slurm,manual,10,True,,3,results/lammps-reax/slurm/lammps-3-nodes-affinity-10.out,2.004,,,98.4,125.0
432,lammps-reax,slurm,manual,1,True,,2,results/lammps-reax/slurm/lammps-2-nodes-affinity-1.out,1.384,,,98.4,180.0
433,lammps-reax,slurm,manual,2,False,,2,results/lammps-reax/slurm/lammps-2-nodes-2.out,1.385,,,98.4,180.0
434,lammps-reax,slurm,manual,7,False,,5,results/lammps-reax/slurm/lammps-5-nodes-7.out,3.072,,,98.3,81.0
435,lammps-reax,slurm,manual,2,True,,1,results/lammps-reax/slurm/lammps-1-nodes-affinity-2.out,0.712087,,,98.4,351.0
436,lammps-reax,slurm,manual,7,False,,1,results/lammps-reax/slurm/lammps-1-nodes-7.out,0.7175,,,98.4,348.0
437,lammps-reax,slurm,manual,10,False,,3,results/lammps-reax/slurm/lammps-3-nodes-10.out,2.006,,,98.4,125.0
438,lammps-reax,slurm,manual,5,False,,2,results/lammps-reax/slurm/lammps-2-nodes-5.out,1.384,,,98.4,180.0
439,lammps-reax,slurm,manual,9,False,,2,results/lammps-reax/slurm/lammps-2-nodes-9.out,1.382,,,98.4,181.0
440,lammps-reax,slurm,manual,2,True,,3,results/lammps-reax/slurm/lammps-3-nodes-affinity-2.out,2.008,,,98.4,124.0
441,lammps-reax,slurm,manual,9,True,,3,results/lammps-reax/slurm/lammps-3-nodes-affinity-9.out,2.006,,,98.4,124.0
442,lammps-reax,slurm,manual,2,True,,2,results/lammps-reax/slurm/lammps-2-nodes-affinity-2.out,1.377,,,98.4,181.0
443,lammps-reax,slurm,manual,3,False,,5,results/lammps-reax/slurm/lammps-5-nodes-3.out,3.084,,,98.3,81.0
445,lammps-reax,slurm,manual,4,True,,1,results/lammps-reax/slurm/lammps-1-nodes-affinity-4.out,0.7187619999999999,,,98.4,347.0
446,lammps-reax,slurm,manual,4,True,,3,results/lammps-reax/slurm/lammps-3-nodes-affinity-4.out,2.005,,,98.4,124.0
447,lammps-reax,slurm,manual,1,True,,5,results/lammps-reax/slurm/lammps-5-nodes-affinity-1.out,3.036,,,98.3,82.0
448,lammps-reax,slurm,manual,6,False,,3,results/lammps-reax/slurm/lammps-3-nodes-6.out,2.003,,,98.4,125.0
449,lammps-reax,slurm,manual,5,True,,1,results/lammps-reax/slurm/lammps-1-nodes-affinity-5.out,0.714964,,,98.4,349.0
450,lammps-reax,slurm,manual,3,False,,1,results/lammps-reax/slurm/lammps-1-nodes-3.out,0.7188479999999999,,,98.4,347.0
451,lammps-reax,slurm,manual,10,True,,5,results/lammps-reax/slurm/lammps-5-nodes-affinity-10.out,3.089,,,98.3,81.0
452,lammps-reax,slurm,manual,8,False,,2,results/lammps-reax/slurm/lammps-2-nodes-8.out,1.378,,,98.4,181.0
453,lammps-reax,slurm,manual,2,True,,5,results/lammps-reax/slurm/lammps-5-nodes-affinity-2.out,3.083,,,98.3,81.0
454,lammps-reax,slurm,manual,7,False,,3,results/lammps-reax/slurm/lammps-3-nodes-7.out,2.008,,,98.4,124.0
455,lammps-reax,slurm,manual,3,True,,5,results/lammps-reax/slurm/lammps-5-nodes-affinity-3.out,3.068,,,98.3,81.0
456,lammps-reax,slurm,manual,1,True,,3,results/lammps-reax/slurm/lammps-3-nodes-affinity-1.out,2.0,,,98.4,125.0
457,lammps-reax,slurm,manual,10,True,,1,results/lammps-reax/slurm/lammps-1-nodes-affinity-10.out,0.719092,,,98.4,347.0
458,lammps-reax,slurm,manual,3,False,,4,results/lammps-reax/slurm/lammps-4-nodes-3.out,2.561,,,98.3,98.0
459,lammps-reax,slurm,manual,4,True,,2,results/lammps-reax/slurm/lammps-2-nodes-affinity-4.out,1.387,,,98.4,180.0
460,lammps-reax,slurm,manual,5,False,,3,results/lammps-reax/slurm/lammps-3-nodes-5.out,2.007,,,98.4,125.0
462,lammps-reax,slurm,manual,8,False,,3,results/lammps-reax/slurm/lammps-3-nodes-8.out,1.991,,,98.4,125.0
463,lammps-reax,slurm,manual,5,False,,5,results/lammps-reax/slurm/lammps-5-nodes-5.out,3.067,,,98.3,82.0
464,lammps-reax,slurm,manual,4,False,,1,results/lammps-reax/slurm/lammps-1-nodes-4.out,0.7167899999999999,,,98.4,348.0
465,lammps-reax,slurm,manual,3,True,,1,results/lammps-reax/slurm/lammps-1-nodes-affinity-3.out,0.7197960000000001,,,98.4,347.0
466,lammps-reax,slurm,manual,9,True,,4,results/lammps-reax/slurm/lammps-4-nodes-affinity-9.out,2.528,,,98.3,99.0
467,lammps-reax,slurm,manual,7,True,,5,results/lammps-reax/slurm/lammps-5-nodes-affinity-7.out,3.068,,,98.3,82.0
468,lammps-reax,slurm,manual,3,False,,3,results/lammps-reax/slurm/lammps-3-nodes-3.out,2.007,,,98.4,124.0
469,lammps-reax,slurm,manual,9,True,,2,results/lammps-reax/slurm/lammps-2-nodes-affinity-9.out,1.385,,,98.4,180.0
470,lammps-reax,slurm,manual,10,True,,2,results/lammps-reax/slurm/lammps-2-nodes-affinity-10.out,1.384,,,98.4,180.0
471,lammps-reax,slurm,manual,1,False,,2,results/lammps-reax/slurm/lammps-2-nodes-1.out,1.38,,,98.4,181.0
472,lammps-reax,slurm,manual,7,False,,2,results/lammps-reax/slurm/lammps-2-nodes-7.out,1.383,,,98.4,181.0
473,lammps-reax,slurm,manual,3,True,,3,results/lammps-reax/slurm/lammps-3-nodes-affinity-3.out,2.004,,,98.4,125.0
474,lammps-reax,slurm,manual,4,True,,4,results/lammps-reax/slurm/lammps-4-nodes-affinity-4.out,2.575,,,98.3,97.0
475,lammps-reax,slurm,manual,6,True,,3,results/lammps-reax/slurm/lammps-3-nodes-affinity-6.out,2.007,,,98.4,124.0
476,lammps-reax,slurm,manual,4,False,,3,results/lammps-reax/slurm/lammps-3-nodes-4.out,2.0,,,98.4,125.0
477,lammps-reax,slurm,manual,10,True,,4,results/lammps-reax/slurm/lammps-4-nodes-affinity-10.out,2.57,,,98.3,97.0
478,lammps-reax,slurm,manual,2,False,,4,results/lammps-reax/slurm/lammps-4-nodes-2.out,2.524,,,98.3,99.0
479,lammps-reax,slurm,manual,7,True,,4,results/lammps-reax/slurm/lammps-4-nodes-affinity-7.out,2.573,,,98.3,97.0
480,lammps-reax,slurm,manual,1,False,,4,results/lammps-reax/slurm/lammps-4-nodes-1.out,2.573,,,98.3,97.0
481,lammps-reax,slurm,manual,8,True,,4,results/lammps-reax/slurm/lammps-4-nodes-affinity-8.out,2.577,,,98.3,97.0
482,lammps-reax,slurm,manual,9,True,,5,results/lammps-reax/slurm/lammps-5-nodes-affinity-9.out,3.003,,,98.3,83.0
483,lammps-reax,slurm,manual,6,True,,2,results/lammps-reax/slurm/lammps-2-nodes-affinity-6.out,1.387,,,98.4,180.0
485,lammps-reax,slurm,manual,9,False,,1,results/lammps-reax/slurm/lammps-1-nodes-9.out,0.719989,,,98.4,347.0
486,lammps-reax,slurm,manual,7,False,,4,results/lammps-reax/slurm/lammps-4-nodes-7.out,2.574,,,98.3,97.0
487,lammps-reax,slurm,manual,6,True,,1,results/lammps-reax/slurm/lammps-1-nodes-affinity-6.out,0.718533,,,98.4,347.0
488,lammps-reax,slurm,manual,5,False,,1,results/lammps-reax/slurm/lammps-1-nodes-5.out,0.718951,,,98.4,347.0
489,lammps-reax,slurm,manual,7,True,,1,results/lammps-reax/slurm/lammps-1-nodes-affinity-7.out,0.7198300000000001,,,98.4,347.0
490,lammps-reax,slurm,manual,3,False,,2,results/lammps-reax/slurm/lammps-2-nodes-3.out,1.382,,,98.4,181.0
491,lammps-reax,slurm,manual,9,False,,4,results/lammps-reax/slurm/lammps-4-nodes-9.out,2.571,,,98.3,97.0
492,lammps-reax,slurm,manual,1,False,,5,results/lammps-reax/slurm/lammps-5-nodes-1.out,3.079,,,98.3,81.0
493,lammps-reax,slurm,manual,10,False,,4,results/lammps-reax/slurm/lammps-4-nodes-10.out,2.548,,,98.3,98.0
494,lammps-reax,slurm,manual,5,True,,4,results/lammps-reax/slurm/lammps-4-nodes-affinity-5.out,2.573,,,98.3,97.0
495,lammps-reax,slurm,manual,4,False,,2,results/lammps-reax/slurm/lammps-2-nodes-4.out,1.386,,,98.4,180.0
496,lammps-reax,slurm,manual,10,False,,1,results/lammps-reax/slurm/lammps-1-nodes-10.out,0.71787,,,98.4,348.0
497,lammps-reax,slurm,manual,6,False,,2,results/lammps-reax/slurm/lammps-2-nodes-6.out,1.386,,,98.4,180.0
498,lammps-reax,slurm,manual,7,True,,2,results/lammps-reax/slurm/lammps-2-nodes-affinity-7.out,1.378,,,98.4,181.0
499,lammps-reax,slurm,manual,9,False,,3,results/lammps-reax/slurm/lammps-3-nodes-9.out,1.997,,,98.4,125.0
500,lammps-reax,slurm,manual,2,False,,5,results/lammps-reax/slurm/lammps-5-nodes-2.out,3.079,,,98.3,81.0
501,lammps-reax,slurm,manual,2,False,,1,results/lammps-reax/slurm/lammps-1-nodes-2.out,0.719231,,,98.4,347.0
502,lammps-reax,slurm,manual,1,False,,1,results/lammps-reax/slurm/lammps-1-nodes-1.out,0.719281,,,98.4,347.0
503,lammps-reax,slurm,manual,6,True,,5,results/lammps-reax/slurm/lammps-5-nodes-affinity-6.out,3.071,,,98.3,81.0
505,lammps-reax,slurm,manual,2,True,,4,results/lammps-reax/slurm/lammps-4-nodes-affinity-2.out,2.57,,,98.3,97.0
506,lammps-reax,slurm,manual,1,True,,1,results/lammps-reax/slurm/lammps-1-nodes-affinity-1.out,0.717916,,,98.4,348.0
507,lammps-reax,slurm,manual,6,True,,4,results/lammps-reax/slurm/lammps-4-nodes-affinity-6.out,2.569,,,98.3,97.0
508,lammps-reax,slurm,manual,5,True,,3,results/lammps-reax/slurm/lammps-3-nodes-affinity-5.out,1.977,,,98.4,126.0
509,lammps-reax,slurm,manual,4,True,,5,results/lammps-reax/slurm/lammps-5-nodes-affinity-4.out,3.004,,,98.3,83.0
510,lammps-reax,slurm,manual,3,True,,4,results/lammps-reax/slurm/lammps-4-nodes-affinity-3.out,2.571,,,98.3,97.0
511,lammps-reax,slurm,manual,9,False,,5,results/lammps-reax/slurm/lammps-5-nodes-9.out,3.065,,,98.3,82.0
513,lammps-reax,flux-to-slurm,agent,0,,False,1,results/lammps-reax/flux-to-slurm/0/flux-to-slurm-command-0.out,0.719037,,,98.4,347.0
515,lammps-reax,flux-to-slurm,agent,0,,False,5,results/lammps-reax/flux-to-slurm/0/flux-to-slurm-command-4.out,2.939,,,98.3,85.0
516,lammps-reax,flux-to-slurm,agent,0,,False,4,results/lammps-reax/flux-to-slurm/0/flux-to-slurm-command-3.out,2.538,,,98.3,98.0
517,lammps-reax,flux-to-slurm,agent,0,,True,5,results/lammps-reax/flux-to-slurm/0/flux-to-slurm-improve-command-4.out,2.859,,,98.3,88.0
518,lammps-reax,flux-to-slurm,agent,0,,True,2,results/lammps-reax/flux-to-slurm/0/flux-to-slurm-improve-command-1.out,1.386,,,98.4,180.0
519,lammps-reax,flux-to-slurm,agent,0,,True,1,results/lammps-reax/flux-to-slurm/0/flux-to-slurm-improve-command-5.out,0.721151,,,98.4,346.0
520,lammps-reax,flux-to-slurm,agent,0,,True,3,results/lammps-reax/flux-to-slurm/0/flux-to-slurm-improve-command-7.out,2.002,,,98.4,125.0
521,lammps-reax,flux-to-slurm,agent,0,,True,1,results/lammps-reax/flux-to-slurm/0/flux-to-slurm-improve-command-0.out,0.72002,,,98.4,347.0
522,lammps-reax,flux-to-slurm,agent,0,,False,4,results/lammps-reax/flux-to-slurm/0/flux-to-slurm-command-8.out,2.507,,,98.3,100.0
523,lammps-reax,flux-to-slurm,agent,0,,True,4,results/lammps-reax/flux-to-slurm/0/flux-to-slurm-improve-command-3.out,2.53,,,98.3,99.0
524,lammps-reax,flux-to-slurm,agent,0,,True,5,results/lammps-reax/flux-to-slurm/0/flux-to-slurm-improve-command-9.out,2.888,,,98.3,86.0
525,lammps-reax,flux-to-slurm,agent,0,,True,4,results/lammps-reax/flux-to-slurm/0/flux-to-slurm-improve-command-8.out,2.53,,,98.3,99.0
527,lammps-reax,flux-to-slurm,agent,0,,True,2,results/lammps-reax/flux-to-slurm/0/flux-to-slurm-improve-command-6.out,1.384,,,98.4,180.0
528,lammps-reax,flux-to-slurm,agent,0,,False,2,results/lammps-reax/flux-to-slurm/0/flux-to-slurm-command-1.out,1.385,,,98.4,180.0
529,lammps-reax,flux-to-slurm,agent,0,,False,2,results/lammps-reax/flux-to-slurm/0/flux-to-slurm-command-6.out,1.384,,,98.4,180.0
530,lammps-reax,flux-to-slurm,agent,0,,True,3,results/lammps-reax/flux-to-slurm/0/flux-to-slurm-improve-command-2.out,2.001,,,98.4,125.0
531,lammps-reax,flux-to-slurm,agent,0,,False,3,results/lammps-reax/flux-to-slurm/0/flux-to-slurm-command-2.out,2.002,,,98.4,125.0
533,lammps-reax,flux-to-slurm,agent,1,,False,1,results/lammps-reax/flux-to-slurm/1/flux-to-slurm-command-0.out,0.719,,,98.4,347.0
535,lammps-reax,flux-to-slurm,agent,1,,False,5,results/lammps-reax/flux-to-slurm/1/flux-to-slurm-command-4.out,2.936,,,98.3,85.0
536,lammps-reax,flux-to-slurm,agent,1,,False,4,results/lammps-reax/flux-to-slurm/1/flux-to-slurm-command-3.out,2.533,,,98.3,99.0
537,lammps-reax,flux-to-slurm,agent,1,,True,5,results/lammps-reax/flux-to-slurm/1/flux-to-slurm-improve-command-4.out,2.913,,,98.3,86.0
538,lammps-reax,flux-to-slurm,agent,1,,True,2,results/lammps-reax/flux-to-slurm/1/flux-to-slurm-improve-command-1.out,1.388,,,98.4,180.0
539,lammps-reax,flux-to-slurm,agent,1,,True,1,results/lammps-reax/flux-to-slurm/1/flux-to-slurm-improve-command-5.out,0.720317,,,98.4,347.0
540,lammps-reax,flux-to-slurm,agent,1,,True,3,results/lammps-reax/flux-to-slurm/1/flux-to-slurm-improve-command-7.out,1.986,,,98.4,126.0
541,lammps-reax,flux-to-slurm,agent,1,,True,1,results/lammps-reax/flux-to-slurm/1/flux-to-slurm-improve-command-0.out,0.7196520000000001,,,98.4,347.0
542,lammps-reax,flux-to-slurm,agent,1,,False,4,results/lammps-reax/flux-to-slurm/1/flux-to-slurm-command-8.out,2.548,,,98.3,98.0
543,lammps-reax,flux-to-slurm,agent,1,,True,4,results/lammps-reax/flux-to-slurm/1/flux-to-slurm-improve-command-3.out,2.539,,,98.3,99.0
544,lammps-reax,flux-to-slurm,agent,1,,True,5,results/lammps-reax/flux-to-slurm/1/flux-to-slurm-improve-command-9.out,2.937,,,98.3,85.0
545,lammps-reax,flux-to-slurm,agent,1,,True,4,results/lammps-reax/flux-to-slurm/1/flux-to-slurm-improve-command-8.out,2.537,,,98.3,99.0
547,lammps-reax,flux-to-slurm,agent,1,,True,2,results/lammps-reax/flux-to-slurm/1/flux-to-slurm-improve-command-6.out,1.383,,,98.4,181.0
548,lammps-reax,flux-to-slurm,agent,1,,False,2,results/lammps-reax/flux-to-slurm/1/flux-to-slurm-command-1.out,1.388,,,98.4,180.0
549,lammps-reax,flux-to-slurm,agent,1,,False,2,results/lammps-reax/flux-to-slurm/1/flux-to-slurm-command-6.out,1.382,,,98.4,181.0
550,lammps-reax,flux-to-slurm,agent,1,,True,3,results/lammps-reax/flux-to-slurm/1/flux-to-slurm-improve-command-2.out,1.986,,,98.4,126.0
551,lammps-reax,flux-to-slurm,agent,1,,False,3,results/lammps-reax/flux-to-slurm/1/flux-to-slurm-command-2.out,2.0,,,98.4,125.0
553,lammps-reax,flux-to-slurm,agent,2,,False,1,results/lammps-reax/flux-to-slurm/2/flux-to-slurm-command-0.out,0.721656,,,98.4,346.0
555,lammps-reax,flux-to-slurm,agent,2,,False,5,results/lammps-reax/flux-to-slurm/2/flux-to-slurm-command-4.out,2.932,,,98.3,85.0
556,lammps-reax,flux-to-slurm,agent,2,,False,4,results/lammps-reax/flux-to-slurm/2/flux-to-slurm-command-3.out,2.542,,,98.3,98.0
557,lammps-reax,flux-to-slurm,agent,2,,True,5,results/lammps-reax/flux-to-slurm/2/flux-to-slurm-improve-command-4.out,2.942,,,98.3,85.0
558,lammps-reax,flux-to-slurm,agent,2,,True,2,results/lammps-reax/flux-to-slurm/2/flux-to-slurm-improve-command-1.out,1.386,,,98.4,180.0
559,lammps-reax,flux-to-slurm,agent,2,,True,1,results/lammps-reax/flux-to-slurm/2/flux-to-slurm-improve-command-5.out,0.7205929999999999,,,98.4,346.0
560,lammps-reax,flux-to-slurm,agent,2,,True,3,results/lammps-reax/flux-to-slurm/2/flux-to-slurm-improve-command-7.out,2.005,,,98.4,125.0
561,lammps-reax,flux-to-slurm,agent,2,,True,1,results/lammps-reax/flux-to-slurm/2/flux-to-slurm-improve-command-0.out,0.719877,,,98.4,347.0
562,lammps-reax,flux-to-slurm,agent,2,,False,4,results/lammps-reax/flux-to-slurm/2/flux-to-slurm-command-8.out,2.542,,,98.3,98.0
563,lammps-reax,flux-to-slurm,agent,2,,True,4,results/lammps-reax/flux-to-slurm/2/flux-to-slurm-improve-command-3.out,2.542,,,98.3,98.0
564,lammps-reax,flux-to-slurm,agent,2,,True,5,results/lammps-reax/flux-to-slurm/2/flux-to-slurm-improve-command-9.out,2.936,,,98.3,85.0
565,lammps-reax,flux-to-slurm,agent,2,,True,4,results/lammps-reax/flux-to-slurm/2/flux-to-slurm-improve-command-8.out,2.542,,,98.3,98.0
567,lammps-reax,flux-to-slurm,agent,2,,True,2,results/lammps-reax/flux-to-slurm/2/flux-to-slurm-improve-command-6.out,1.387,,,98.4,180.0
568,lammps-reax,flux-to-slurm,agent,2,,False,2,results/lammps-reax/flux-to-slurm/2/flux-to-slurm-command-1.out,1.38,,,98.4,181.0
569,lammps-reax,flux-to-slurm,agent,2,,False,2,results/lammps-reax/flux-to-slurm/2/flux-to-slurm-command-6.out,1.385,,,98.4,180.0
570,lammps-reax,flux-to-slurm,agent,2,,True,3,results/lammps-reax/flux-to-slurm/2/flux-to-slurm-improve-command-2.out,2.002,,,98.4,125.0
571,lammps-reax,flux-to-slurm,agent,2,,False,3,results/lammps-reax/flux-to-slurm/2/flux-to-slurm-command-2.out,2.004,,,98.4,125.0
