,strategy,prompt_id,worker,cost,latency,reasoning,actual_verdict,status,selection_status,contenders,worker_worker_id,worker_archetype,worker_total_cores,worker_total_gpus,worker_total_nodes,worker_available_nodes,worker_available_cores,worker_cores_per_node,worker_gpus_per_node,worker_available_gpus,worker_queue_depth,worker_pricing_node,worker_pricing_cpu,worker_pricing_gpu
0,min-cost,4,79,0.65,0.0004125211853533983,Cheapest compatible worker found. Estimated Cost: $0.6500,BUSY,SUCCESS,SelectionStatus.SELECTED,4,79,hpc,748604.0,2556.0,7268.0,425.0,43793.0,103.0,6.0,2550.0,6843.0,0.65,0.015,0.16
1,min-cost,58,78,0.65,0.0003285501152276993,Cheapest compatible worker found. Estimated Cost: $0.6500,BUSY,SUCCESS,SelectionStatus.SELECTED,1,78,hpc,543634.0,2324.0,5974.0,580.0,52826.0,91.0,4.0,2320.0,5394.0,0.65,0.015,0.16
2,min-cost,10,86,5776134.65,0.00031734793446958065,Cheapest compatible worker found. Estimated Cost: $5776134.6500,BUSY,SUCCESS,SelectionStatus.SELECTED,2,86,hpc,687888.0,9016.0,6744.0,-727.0,-74134.0,102.0,4.0,-2908.0,4491.0,0.65,0.015,0.16
3,min-cost,86,83,0.65,0.00038802390918135643,Cheapest compatible worker found. Estimated Cost: $0.6500,BUSY,SUCCESS,SelectionStatus.SELECTED,2,83,hpc,451752.0,785.0,5378.0,156.0,13104.0,84.0,5.0,780.0,5222.0,0.65,0.015,0.16
4,min-cost,35,,,0.0002783839590847492,All selection strategies failed. MinCostSelector: No READY workers found to calculate cost.,,REJECTED,SelectionStatus.REJECTED,1,,,,,,,,,,,,,,
5,min-cost,5,,,0.00040909508243203163,All selection strategies failed. MinCostSelector: No READY workers found to calculate cost.,,REJECTED,SelectionStatus.REJECTED,4,,,,,,,,,,,,,,
6,min-cost,2,10,0.65,0.00042624701745808125,Cheapest compatible worker found. Estimated Cost: $0.6500,BUSY,SUCCESS,SelectionStatus.SELECTED,12,10,hpc,1255776.0,12200.0,9888.0,1524.0,193615.0,127.0,8.0,12192.0,8364.0,0.65,0.015,0.16
7,min-cost,28,,,0.00028481590561568737,All selection strategies failed. MinCostSelector: No READY workers found to calculate cost.,,REJECTED,SelectionStatus.REJECTED,3,,,,,,,,,,,,,,
8,min-cost,17,80,0.65,0.0003090130630880594,Cheapest compatible worker found. Estimated Cost: $0.6500,BUSY,SUCCESS,SelectionStatus.SELECTED,7,80,hpc,1280000.0,1400.0,10000.0,199.0,25472.0,128.0,7.0,1393.0,9801.0,0.65,0.015,0.16
9,min-cost,65,,,0.0005789501592516899,All selection strategies failed. MinCostSelector: No READY workers found to calculate cost.,,REJECTED,SelectionStatus.REJECTED,33,,,,,,,,,,,,,,
10,min-cost,36,,,0.0005391938611865044,All selection strategies failed. MinCostSelector: No READY workers found to calculate cost.,,REJECTED,SelectionStatus.REJECTED,12,,,,,,,,,,,,,,
11,min-cost,15,79,0.65,0.0004276498220860958,Cheapest compatible worker found. Estimated Cost: $0.6500,BUSY,SUCCESS,SelectionStatus.SELECTED,5,79,hpc,748604.0,2556.0,7268.0,424.0,43690.0,103.0,6.0,2544.0,6844.0,0.65,0.015,0.16
12,min-cost,38,,,0.0003151239361613989,All selection strategies failed. MinCostSelector: No READY workers found to calculate cost.,,REJECTED,SelectionStatus.REJECTED,2,,,,,,,,,,,,,,
13,min-cost,37,10,5.8500000000000005,0.00043313996866345406,Cheapest compatible worker found. Estimated Cost: $5.8500,BUSY,SUCCESS,SelectionStatus.SELECTED,12,10,hpc,1255776.0,12200.0,9888.0,1521.0,193234.0,127.0,8.0,12168.0,8365.0,0.65,0.015,0.16
14,min-cost,84,79,0.65,0.0003345920704305172,Cheapest compatible worker found. Estimated Cost: $0.6500,BUSY,SUCCESS,SelectionStatus.SELECTED,3,79,hpc,748604.0,2556.0,7268.0,423.0,43587.0,103.0,6.0,2538.0,6845.0,0.65,0.015,0.16
15,min-cost,98,2,0.65,0.00040513696148991585,Cheapest compatible worker found. Estimated Cost: $0.6500,BUSY,SUCCESS,SelectionStatus.SELECTED,3,2,hpc,251328.0,390.0,3927.0,77.0,4962.0,64.0,5.0,385.0,3850.0,0.65,0.015,0.16
16,min-cost,41,,,0.0003219668287783861,All selection strategies failed. MinCostSelector: No READY workers found to calculate cost.,,REJECTED,SelectionStatus.REJECTED,1,,,,,,,,,,,,,,
17,min-cost,75,55,0.65,0.0003520150203257799,Cheapest compatible worker found. Estimated Cost: $0.6500,BUSY,SUCCESS,SelectionStatus.SELECTED,5,55,hpc,873869.0,489.0,8167.0,162.0,17334.0,107.0,3.0,486.0,8005.0,0.65,0.015,0.16
18,min-cost,66,10,31.849999999999998,0.00030368193984031677,Cheapest compatible worker found. Estimated Cost: $31.8500,BUSY,SUCCESS,SelectionStatus.SELECTED,3,10,hpc,1255776.0,12200.0,9888.0,1514.0,192345.0,127.0,8.0,12112.0,8366.0,0.65,0.015,0.16
19,min-cost,71,,,0.0004371390677988529,All selection strategies failed. MinCostSelector: No READY workers found to calculate cost.,,REJECTED,SelectionStatus.REJECTED,11,,,,,,,,,,,,,,
20,min-cost,34,1,0.65,0.00033596507273614407,Cheapest compatible worker found. Estimated Cost: $0.6500,BUSY,SUCCESS,SelectionStatus.SELECTED,2,1,hpc,638911.0,4734.0,7021.0,788.0,71708.0,91.0,6.0,4728.0,6233.0,0.65,0.015,0.16
21,min-cost,23,5,0.65,0.0002935929223895073,Cheapest compatible worker found. Estimated Cost: $0.6500,BUSY,SUCCESS,SelectionStatus.SELECTED,1,5,hpc,654624.0,5232.0,6819.0,871.0,83621.0,96.0,6.0,5226.0,5948.0,0.65,0.015,0.16
22,min-cost,11,66,13456625.0,0.0003844769671559334,Cheapest compatible worker found. Estimated Cost: $13456625.0000,BUSY,SUCCESS,SelectionStatus.SELECTED,4,66,hpc,919255.0,6420.0,8135.0,-3480.0,-393240.0,113.0,6.0,-20880.0,7066.0,0.65,0.015,0.16
23,min-cost,61,6,0.65,0.00041196891106665134,Cheapest compatible worker found. Estimated Cost: $0.1200,BUSY,SUCCESS,SelectionStatus.SELECTED,18,6,standalone,30.0,0.0,1.0,0.0,-14.0,30.0,0.0,0.0,1.0,0.12,0.01,0.44
24,min-cost,49,80,48089.600000000006,0.00034228619188070297,Cheapest compatible worker found. Estimated Cost: $48089.6000,BUSY,SUCCESS,SelectionStatus.SELECTED,1,80,hpc,1280000.0,1400.0,10000.0,-73.0,-9344.0,128.0,7.0,-511.0,9802.0,0.65,0.015,0.16
25,min-cost,26,86,0.65,0.0006644739769399166,Cheapest compatible worker found. Estimated Cost: $0.6500,BUSY,SUCCESS,SelectionStatus.SELECTED,32,86,hpc,687888.0,9016.0,6744.0,-728.0,-74236.0,102.0,4.0,-2912.0,4492.0,0.65,0.015,0.16
26,min-cost,62,55,29767.399999999998,0.0003945459611713886,Cheapest compatible worker found. Estimated Cost: $29767.4000,BUSY,SUCCESS,SelectionStatus.SELECTED,9,55,hpc,873869.0,489.0,8167.0,-52.0,-5564.0,107.0,3.0,-156.0,8006.0,0.65,0.015,0.16
27,min-cost,50,83,78.65,0.00043559493497014046,Cheapest compatible worker found. Estimated Cost: $78.6500,BUSY,SUCCESS,SelectionStatus.SELECTED,6,83,hpc,451752.0,785.0,5378.0,145.0,12180.0,84.0,5.0,725.0,5223.0,0.65,0.015,0.16
28,min-cost,70,68,13106.6,0.00028003682382404804,Cheapest compatible worker found. Estimated Cost: $13106.6000,BUSY,SUCCESS,SelectionStatus.SELECTED,1,68,hpc,1212498.0,4938.0,9623.0,681.0,85877.0,126.0,6.0,4086.0,8801.0,0.65,0.015,0.16
29,min-cost,33,75,0.65,0.00048657297156751156,Cheapest compatible worker found. Estimated Cost: $0.6500,BUSY,SUCCESS,SelectionStatus.SELECTED,17,75,hpc,1179375.0,9108.0,9435.0,1517.0,189640.0,125.0,6.0,9102.0,7918.0,0.65,0.015,0.16
30,min-cost,39,,,0.0006845828611403704,All selection strategies failed. MinCostSelector: No READY workers found to calculate cost.,,REJECTED,SelectionStatus.REJECTED,34,,,,,,,,,,,,,,
31,min-cost,43,,,0.00030442397110164165,All selection strategies failed. MinCostSelector: No READY workers found to calculate cost.,,REJECTED,SelectionStatus.REJECTED,2,,,,,,,,,,,,,,
32,min-cost,14,,,0.00047234492376446724,All selection strategies failed. MinCostSelector: No READY workers found to calculate cost.,,REJECTED,SelectionStatus.REJECTED,17,,,,,,,,,,,,,,
33,min-cost,83,10,2.6,0.0003761211410164833,Cheapest compatible worker found. Estimated Cost: $2.6000,BUSY,SUCCESS,SelectionStatus.SELECTED,7,10,hpc,1255776.0,12200.0,9888.0,1512.0,192091.0,127.0,8.0,12096.0,8367.0,0.65,0.015,0.16
34,min-cost,31,86,0.65,0.0007474832236766815,Cheapest compatible worker found. Estimated Cost: $0.6500,BUSY,SUCCESS,SelectionStatus.SELECTED,31,86,hpc,687888.0,9016.0,6744.0,-729.0,-74338.0,102.0,4.0,-2916.0,4493.0,0.65,0.015,0.16
35,min-cost,92,,,0.0003541188780218363,All selection strategies failed. MinCostSelector: No READY workers found to calculate cost.,,REJECTED,SelectionStatus.REJECTED,3,,,,,,,,,,,,,,
36,min-cost,32,86,0.65,0.0005340140778571367,Cheapest compatible worker found. Estimated Cost: $0.6500,BUSY,SUCCESS,SelectionStatus.SELECTED,18,86,hpc,687888.0,9016.0,6744.0,-730.0,-74440.0,102.0,4.0,-2920.0,4494.0,0.65,0.015,0.16
37,min-cost,24,98,0.65,0.00034541194327175617,Cheapest compatible worker found. Estimated Cost: $0.6500,BUSY,SUCCESS,SelectionStatus.SELECTED,2,98,hpc,602164.0,4158.0,6406.0,692.0,65048.0,94.0,6.0,4152.0,5714.0,0.65,0.015,0.16
38,min-cost,72,86,144809.6,0.0003351431805640459,Cheapest compatible worker found. Estimated Cost: $144809.6000,BUSY,SUCCESS,SelectionStatus.SELECTED,4,86,hpc,687888.0,9016.0,6744.0,-1202.0,-122584.0,102.0,4.0,-4808.0,4495.0,0.65,0.015,0.16
39,min-cost,25,,,0.00035857781767845154,All selection strategies failed. MinCostSelector: No READY workers found to calculate cost.,,REJECTED,SelectionStatus.REJECTED,6,,,,,,,,,,,,,,
40,min-cost,68,83,5.8500000000000005,0.0004546318668872118,Cheapest compatible worker found. Estimated Cost: $5.8500,BUSY,SUCCESS,SelectionStatus.SELECTED,14,83,hpc,451752.0,785.0,5378.0,142.0,11928.0,84.0,5.0,710.0,5224.0,0.65,0.015,0.16
41,min-cost,0,94,0.65,0.000270297983661294,Cheapest compatible worker found. Estimated Cost: $0.6500,BUSY,SUCCESS,SelectionStatus.SELECTED,1,94,hpc,761900.0,9296.0,7619.0,1161.0,116100.0,100.0,8.0,9288.0,6458.0,0.65,0.015,0.16
42,min-cost,76,10,624.6500000000001,0.0003755700308829546,Cheapest compatible worker found. Estimated Cost: $624.6500,BUSY,SUCCESS,SelectionStatus.SELECTED,8,10,hpc,1255776.0,12200.0,9888.0,1481.0,188154.0,127.0,8.0,11848.0,8368.0,0.65,0.015,0.16
43,min-cost,20,13,23064.0,0.00038736313581466675,Cheapest compatible worker found. Estimated Cost: $23064.0000,READY,SUCCESS,SelectionStatus.SELECTED,15,13,cloud,10944.0,164.0,171.0,40.0,2601.0,64.0,1.0,40.0,8.0,1.5,0.08,1.49
44,min-cost,1,,,0.000325443921610713,All selection strategies failed. MinCostSelector: No READY workers found to calculate cost.,,REJECTED,SelectionStatus.REJECTED,4,,,,,,,,,,,,,,
45,min-cost,90,75,0.65,0.0004838679451495409,Cheapest compatible worker found. Estimated Cost: $0.6500,BUSY,SUCCESS,SelectionStatus.SELECTED,11,75,hpc,1179375.0,9108.0,9435.0,1516.0,189515.0,125.0,6.0,9096.0,7919.0,0.65,0.015,0.16
46,min-cost,57,98,0.65,0.00037274393253028393,Cheapest compatible worker found. Estimated Cost: $0.6500,BUSY,SUCCESS,SelectionStatus.SELECTED,2,98,hpc,602164.0,4158.0,6406.0,691.0,64954.0,94.0,6.0,4146.0,5715.0,0.65,0.015,0.16
47,min-cost,82,98,0.65,0.0003063781186938286,Cheapest compatible worker found. Estimated Cost: $0.6500,BUSY,SUCCESS,SelectionStatus.SELECTED,2,98,hpc,602164.0,4158.0,6406.0,690.0,64860.0,94.0,6.0,4140.0,5716.0,0.65,0.015,0.16
48,min-cost,18,10,3920758.4000000004,0.0002966090105473995,Cheapest compatible worker found. Estimated Cost: $3920758.4000,BUSY,SUCCESS,SelectionStatus.SELECTED,3,10,hpc,1255776.0,12200.0,9888.0,-975.0,-123758.0,127.0,8.0,-7800.0,8369.0,0.65,0.015,0.16
49,min-cost,79,79,0.65,0.0003093029372394085,Cheapest compatible worker found. Estimated Cost: $0.6500,BUSY,SUCCESS,SelectionStatus.SELECTED,3,79,hpc,748604.0,2556.0,7268.0,422.0,43484.0,103.0,6.0,2532.0,6846.0,0.65,0.015,0.16
50,min-cost,74,10,1511656.25,0.0005932077765464783,Cheapest compatible worker found. Estimated Cost: $1511656.2500,BUSY,SUCCESS,SelectionStatus.SELECTED,26,10,hpc,1255776.0,12200.0,9888.0,-2500.0,-317433.0,127.0,8.0,-20000.0,8370.0,0.65,0.015,0.16
51,min-cost,91,45,0.65,0.00027097901329398155,Cheapest compatible worker found. Estimated Cost: $0.6500,BUSY,SUCCESS,SelectionStatus.SELECTED,2,45,hpc,991300.0,8148.0,8620.0,1163.0,133745.0,115.0,7.0,8141.0,7457.0,0.65,0.015,0.16
52,min-cost,89,75,765196.25,0.0004221291746944189,Cheapest compatible worker found. Estimated Cost: $765196.2500,BUSY,SUCCESS,SelectionStatus.SELECTED,9,75,hpc,1179375.0,9108.0,9435.0,431.0,53890.0,125.0,6.0,2586.0,7920.0,0.65,0.015,0.16
53,min-cost,73,75,0.65,0.000502703944221139,Cheapest compatible worker found. Estimated Cost: $0.6500,BUSY,SUCCESS,SelectionStatus.SELECTED,22,75,hpc,1179375.0,9108.0,9435.0,430.0,53765.0,125.0,6.0,2580.0,7921.0,0.65,0.015,0.16
54,min-cost,13,,,0.0004340219311416149,All selection strategies failed. MinCostSelector: No READY workers found to calculate cost.,,REJECTED,SelectionStatus.REJECTED,21,,,,,,,,,,,,,,
55,min-cost,93,,,0.000184172997251153,All selection strategies failed. MinCostSelector: No READY workers found to calculate cost.,,REJECTED,SelectionStatus.REJECTED,1,,,,,,,,,,,,,,
56,min-cost,99,83,0.65,0.0002584559842944145,Cheapest compatible worker found. Estimated Cost: $0.6500,BUSY,SUCCESS,SelectionStatus.SELECTED,3,83,hpc,451752.0,785.0,5378.0,141.0,11844.0,84.0,5.0,705.0,5225.0,0.65,0.015,0.16
57,min-cost,42,45,0.65,0.0002149019856005907,Cheapest compatible worker found. Estimated Cost: $0.6500,BUSY,SUCCESS,SelectionStatus.SELECTED,5,45,hpc,991300.0,8148.0,8620.0,1162.0,133630.0,115.0,7.0,8134.0,7458.0,0.65,0.015,0.16
58,min-cost,51,,,0.0004137130454182625,All selection strategies failed. MinCostSelector: No READY workers found to calculate cost.,,REJECTED,SelectionStatus.REJECTED,33,,,,,,,,,,,,,,
59,min-cost,48,23,1.5,0.00024041114374995232,Cheapest compatible worker found. Estimated Cost: $1.5000,BUSY,SUCCESS,SelectionStatus.SELECTED,1,23,cloud,7680.0,102.0,120.0,101.0,6517.0,64.0,1.0,101.0,19.0,1.5,0.08,1.49
60,min-cost,44,3,1.5,0.00017946399748325348,Cheapest compatible worker found. Estimated Cost: $1.5000,BUSY,SUCCESS,SelectionStatus.SELECTED,1,3,cloud,1792.0,0.0,28.0,13.0,858.0,64.0,0.0,0.0,15.0,1.5,0.08,1.49
61,min-cost,64,98,156702.65000000002,0.00022543198429048061,Cheapest compatible worker found. Estimated Cost: $156702.6500,BUSY,SUCCESS,SelectionStatus.SELECTED,6,98,hpc,602164.0,4158.0,6406.0,199.0,18706.0,94.0,6.0,1194.0,5717.0,0.65,0.015,0.16
62,min-cost,9,,,0.00023010093718767166,All selection strategies failed. MinCostSelector: No READY workers found to calculate cost.,,REJECTED,SelectionStatus.REJECTED,9,,,,,,,,,,,,,,
63,min-cost,63,97,20594.600000000002,0.00019426201470196247,Cheapest compatible worker found. Estimated Cost: $20594.6000,BUSY,SUCCESS,SelectionStatus.SELECTED,2,97,hpc,717600.0,8025.0,6900.0,1427.0,148423.0,104.0,5.0,7135.0,5296.0,0.65,0.015,0.16
64,min-cost,69,5,0.65,0.0002015470527112484,Cheapest compatible worker found. Estimated Cost: $0.6500,BUSY,SUCCESS,SelectionStatus.SELECTED,2,5,hpc,654624.0,5232.0,6819.0,870.0,83525.0,96.0,6.0,5220.0,5949.0,0.65,0.015,0.16
65,min-cost,30,75,0.65,0.000232635997235775,Cheapest compatible worker found. Estimated Cost: $0.6500,BUSY,SUCCESS,SelectionStatus.SELECTED,8,75,hpc,1179375.0,9108.0,9435.0,429.0,53640.0,125.0,6.0,2574.0,7922.0,0.65,0.015,0.16
66,min-cost,45,,,0.00018340209499001503,All selection strategies failed. MinCostSelector: No READY workers found to calculate cost.,,REJECTED,SelectionStatus.REJECTED,4,,,,,,,,,,,,,,
67,min-cost,21,79,473.85,0.0001883909571915865,Cheapest compatible worker found. Estimated Cost: $473.8500,BUSY,SUCCESS,SelectionStatus.SELECTED,3,79,hpc,748604.0,2556.0,7268.0,395.0,40703.0,103.0,6.0,2370.0,6847.0,0.65,0.015,0.16
68,min-cost,55,86,16226.6,0.00030374201014637947,Cheapest compatible worker found. Estimated Cost: $16226.6000,BUSY,SUCCESS,SelectionStatus.SELECTED,15,86,hpc,687888.0,9016.0,6744.0,-1360.0,-138700.0,102.0,4.0,-5440.0,4496.0,0.65,0.015,0.16
69,min-cost,46,46,4056.65,0.00018721912056207657,Cheapest compatible worker found. Estimated Cost: $4056.6500,BUSY,SUCCESS,SelectionStatus.SELECTED,1,46,hpc,1002456.0,2954.0,8568.0,343.0,40131.0,117.0,7.0,2401.0,8147.0,0.65,0.015,0.16
70,min-cost,47,10,0.65,0.00017955503426492214,Cheapest compatible worker found. Estimated Cost: $0.6500,BUSY,SUCCESS,SelectionStatus.SELECTED,2,10,hpc,1255776.0,12200.0,9888.0,-2501.0,-317560.0,127.0,8.0,-20008.0,8371.0,0.65,0.015,0.16
71,min-cost,3,86,0.65,0.00032756803557276726,Cheapest compatible worker found. Estimated Cost: $0.6500,BUSY,SUCCESS,SelectionStatus.SELECTED,18,86,hpc,687888.0,9016.0,6744.0,-1361.0,-138802.0,102.0,4.0,-5444.0,4497.0,0.65,0.015,0.16
72,min-cost,19,78,0.65,0.00025028991512954235,Cheapest compatible worker found. Estimated Cost: $0.6500,BUSY,SUCCESS,SelectionStatus.SELECTED,1,78,hpc,543634.0,2324.0,5974.0,579.0,52735.0,91.0,4.0,2316.0,5395.0,0.65,0.015,0.16
73,min-cost,60,,,0.0003788359463214874,All selection strategies failed. MinCostSelector: No READY workers found to calculate cost.,,REJECTED,SelectionStatus.REJECTED,23,,,,,,,,,,,,,,
74,min-cost,81,,,0.0005680590402334929,All selection strategies failed. MinCostSelector: No READY workers found to calculate cost.,,REJECTED,SelectionStatus.REJECTED,16,,,,,,,,,,,,,,
75,min-cost,77,54,0.65,0.0003164068330079317,Cheapest compatible worker found. Estimated Cost: $0.6500,BUSY,SUCCESS,SelectionStatus.SELECTED,12,54,hpc,1121456.0,1504.0,9424.0,187.0,22253.0,119.0,8.0,1496.0,9237.0,0.65,0.015,0.16
76,min-cost,6,79,0.65,0.0001869888510555029,Cheapest compatible worker found. Estimated Cost: $0.6500,BUSY,SUCCESS,SelectionStatus.SELECTED,1,79,hpc,748604.0,2556.0,7268.0,394.0,40600.0,103.0,6.0,2364.0,6848.0,0.65,0.015,0.16
77,min-cost,67,10,1.3,0.0001798651646822691,Cheapest compatible worker found. Estimated Cost: $0.6500,BUSY,SUCCESS,SelectionStatus.SELECTED,2,10,hpc,1255776.0,12200.0,9888.0,-2502.0,-317687.0,127.0,8.0,-20016.0,8372.0,0.65,0.015,0.16
78,min-cost,16,,,0.00017809192650020123,All selection strategies failed. MinCostSelector: No READY workers found to calculate cost.,,REJECTED,SelectionStatus.REJECTED,2,,,,,,,,,,,,,,
79,min-cost,22,80,0.65,0.0002517630346119404,Cheapest compatible worker found. Estimated Cost: $0.6500,BUSY,SUCCESS,SelectionStatus.SELECTED,8,80,hpc,1280000.0,1400.0,10000.0,-74.0,-9472.0,128.0,7.0,-518.0,9803.0,0.65,0.015,0.16
80,min-cost,52,75,0.65,0.00027952599339187145,Cheapest compatible worker found. Estimated Cost: $0.6500,BUSY,SUCCESS,SelectionStatus.SELECTED,15,75,hpc,1179375.0,9108.0,9435.0,428.0,53515.0,125.0,6.0,2568.0,7923.0,0.65,0.015,0.16
81,min-cost,87,78,0.65,0.00016493583098053932,Cheapest compatible worker found. Estimated Cost: $0.6500,BUSY,SUCCESS,SelectionStatus.SELECTED,1,78,hpc,543634.0,2324.0,5974.0,578.0,52644.0,91.0,4.0,2312.0,5396.0,0.65,0.015,0.16
82,min-cost,56,42,1.3,0.00016739103011786938,Cheapest compatible worker found. Estimated Cost: $1.3000,BUSY,SUCCESS,SelectionStatus.SELECTED,3,42,hpc,768200.0,1071.0,7682.0,151.0,15100.0,100.0,7.0,1057.0,7530.0,0.65,0.015,0.16
83,min-cost,94,25,0.65,0.0002016969956457615,Cheapest compatible worker found. Estimated Cost: $0.6500,BUSY,SUCCESS,SelectionStatus.SELECTED,4,25,hpc,1071720.0,20728.0,8931.0,2590.0,310855.0,120.0,8.0,20720.0,6341.0,0.65,0.015,0.16
84,min-cost,53,75,0.65,0.0006951529067009687,Cheapest compatible worker found. Estimated Cost: $0.6500,BUSY,SUCCESS,SelectionStatus.SELECTED,38,75,hpc,1179375.0,9108.0,9435.0,427.0,53390.0,125.0,6.0,2562.0,7924.0,0.65,0.015,0.16
85,min-cost,27,,,0.0002366742119193077,All selection strategies failed. MinCostSelector: No READY workers found to calculate cost.,,REJECTED,SelectionStatus.REJECTED,7,,,,,,,,,,,,,,
86,min-cost,97,86,0.65,0.0004449740517884493,Cheapest compatible worker found. Estimated Cost: $0.6500,BUSY,SUCCESS,SelectionStatus.SELECTED,35,86,hpc,687888.0,9016.0,6744.0,-1362.0,-138904.0,102.0,4.0,-5448.0,4498.0,0.65,0.015,0.16
87,min-cost,40,,,0.00047532212920486927,All selection strategies failed. MinCostSelector: No READY workers found to calculate cost.,,REJECTED,SelectionStatus.REJECTED,34,,,,,,,,,,,,,,
