,strategy,reasoning,prompt_id,status,selection_status,latency,contenders,worker,cost,actual_verdict,worker_worker_id,worker_archetype,worker_total_cores,worker_total_gpus,worker_total_nodes,worker_available_nodes,worker_available_cores,worker_cores_per_node,worker_gpus_per_node,worker_available_gpus,worker_queue_depth,worker_pricing_node,worker_pricing_cpu,worker_pricing_gpu
0,random,All selection strategies failed. RandomSelector: No READY workers to pick from.,40,REJECTED,SelectionStatus.REJECTED,0.029600008158013225,34,,,,,,,,,,,,,,,,,
1,random,All selection strategies failed. RandomSelector: No READY workers to pick from.,62,REJECTED,SelectionStatus.REJECTED,0.00863743294030428,9,,,,,,,,,,,,,,,,,
2,random,All selection strategies failed. RandomSelector: No READY workers to pick from.,24,REJECTED,SelectionStatus.REJECTED,0.002173101995140314,2,,,,,,,,,,,,,,,,,
3,random,All selection strategies failed. RandomSelector: No READY workers to pick from.,2,REJECTED,SelectionStatus.REJECTED,0.010010700905695558,12,,,,,,,,,,,,,,,,,
4,random,All selection strategies failed. RandomSelector: No READY workers to pick from.,31,REJECTED,SelectionStatus.REJECTED,0.02799225295893848,31,,,,,,,,,,,,,,,,,
5,random,All selection strategies failed. RandomSelector: No READY workers to pick from.,35,REJECTED,SelectionStatus.REJECTED,0.0011951678898185492,1,,,,,,,,,,,,,,,,,
6,random,All selection strategies failed. RandomSelector: No READY workers to pick from.,60,REJECTED,SelectionStatus.REJECTED,0.02235478814691305,23,,,,,,,,,,,,,,,,,
7,random,All selection strategies failed. RandomSelector: No READY workers to pick from.,86,REJECTED,SelectionStatus.REJECTED,0.002360961167141795,2,,,,,,,,,,,,,,,,,
8,random,All selection strategies failed. RandomSelector: No READY workers to pick from.,14,REJECTED,SelectionStatus.REJECTED,0.01422214787453413,17,,,,,,,,,,,,,,,,,
9,random,All selection strategies failed. RandomSelector: No READY workers to pick from.,72,REJECTED,SelectionStatus.REJECTED,0.003927967045456171,4,,,,,,,,,,,,,,,,,
10,random,All selection strategies failed. RandomSelector: No READY workers to pick from.,67,REJECTED,SelectionStatus.REJECTED,0.002165496814996004,2,,,,,,,,,,,,,,,,,
11,random,All selection strategies failed. RandomSelector: No READY workers to pick from.,46,REJECTED,SelectionStatus.REJECTED,0.0012774348724633455,1,,,,,,,,,,,,,,,,,
12,random,Randomly selected from 1 READY workers.,5,SUCCESS,SelectionStatus.SELECTED,0.006121397018432617,4,35,,BUSY,35,standalone,26.0,0.0,1.0,1.0,23.0,26.0,0.0,0.0,1.0,0.12,0.01,0.44
13,random,All selection strategies failed. RandomSelector: No READY workers to pick from.,19,REJECTED,SelectionStatus.REJECTED,0.0012244938407093287,1,,,,,,,,,,,,,,,,,
14,random,All selection strategies failed. RandomSelector: No READY workers to pick from.,87,REJECTED,SelectionStatus.REJECTED,0.0014250960666686296,1,,,,,,,,,,,,,,,,,
15,random,All selection strategies failed. RandomSelector: No READY workers to pick from.,98,REJECTED,SelectionStatus.REJECTED,0.0035255099646747112,3,,,,,,,,,,,,,,,,,
16,random,All selection strategies failed. RandomSelector: No READY workers to pick from.,97,REJECTED,SelectionStatus.REJECTED,0.033295602072030306,35,,,,,,,,,,,,,,,,,
17,random,Randomly selected from 3 READY workers.,36,SUCCESS,SelectionStatus.SELECTED,0.010885338066145778,12,24,,BUSY,24,standalone,28.0,1.0,1.0,1.0,20.0,28.0,1.0,1.0,1.0,0.12,0.01,0.44
18,random,All selection strategies failed. RandomSelector: No READY workers to pick from.,16,REJECTED,SelectionStatus.REJECTED,0.002244317904114723,2,,,,,,,,,,,,,,,,,
19,random,All selection strategies failed. RandomSelector: No READY workers to pick from.,21,REJECTED,SelectionStatus.REJECTED,0.0034874468110501766,3,,,,,,,,,,,,,,,,,
20,random,All selection strategies failed. RandomSelector: No READY workers to pick from.,89,REJECTED,SelectionStatus.REJECTED,0.009989310055971146,9,,,,,,,,,,,,,,,,,
21,random,All selection strategies failed. RandomSelector: No READY workers to pick from.,81,REJECTED,SelectionStatus.REJECTED,0.016785393003374338,16,,,,,,,,,,,,,,,,,
22,random,All selection strategies failed. RandomSelector: No READY workers to pick from.,39,REJECTED,SelectionStatus.REJECTED,0.033334716921672225,34,,,,,,,,,,,,,,,,,
23,random,Randomly selected from 3 READY workers.,71,SUCCESS,SelectionStatus.SELECTED,0.011109775863587856,11,4,,BUSY,4,standalone,24.0,0.0,1.0,1.0,17.0,24.0,0.0,0.0,1.0,0.12,0.01,0.44
24,random,All selection strategies failed. RandomSelector: No READY workers to pick from.,15,REJECTED,SelectionStatus.REJECTED,0.005230199079960585,5,,,,,,,,,,,,,,,,,
25,random,All selection strategies failed. RandomSelector: No READY workers to pick from.,22,REJECTED,SelectionStatus.REJECTED,0.007500406121835113,8,,,,,,,,,,,,,,,,,
26,random,All selection strategies failed. RandomSelector: No READY workers to pick from.,68,REJECTED,SelectionStatus.REJECTED,0.01761787012219429,14,,,,,,,,,,,,,,,,,
27,random,All selection strategies failed. RandomSelector: No READY workers to pick from.,56,REJECTED,SelectionStatus.REJECTED,0.0030806520953774452,3,,,,,,,,,,,,,,,,,
28,random,All selection strategies failed. RandomSelector: No READY workers to pick from.,51,REJECTED,SelectionStatus.REJECTED,0.03011020109988749,33,,,,,,,,,,,,,,,,,
29,random,All selection strategies failed. RandomSelector: No READY workers to pick from.,66,REJECTED,SelectionStatus.REJECTED,0.0034655758645385504,3,,,,,,,,,,,,,,,,,
30,random,All selection strategies failed. RandomSelector: No READY workers to pick from.,73,REJECTED,SelectionStatus.REJECTED,0.024247305933386087,22,,,,,,,,,,,,,,,,,
31,random,All selection strategies failed. RandomSelector: No READY workers to pick from.,26,REJECTED,SelectionStatus.REJECTED,0.030345809878781438,32,,,,,,,,,,,,,,,,,
32,random,All selection strategies failed. RandomSelector: No READY workers to pick from.,34,REJECTED,SelectionStatus.REJECTED,0.002509443089365959,2,,,,,,,,,,,,,,,,,
33,random,All selection strategies failed. RandomSelector: No READY workers to pick from.,17,REJECTED,SelectionStatus.REJECTED,0.007052022032439709,7,,,,,,,,,,,,,,,,,
34,random,All selection strategies failed. RandomSelector: No READY workers to pick from.,43,REJECTED,SelectionStatus.REJECTED,0.0032566471491008997,2,,,,,,,,,,,,,,,,,
35,random,All selection strategies failed. RandomSelector: No READY workers to pick from.,50,REJECTED,SelectionStatus.REJECTED,0.007204120978713036,6,,,,,,,,,,,,,,,,,
36,random,All selection strategies failed. RandomSelector: No READY workers to pick from.,0,REJECTED,SelectionStatus.REJECTED,0.001788548892363906,1,,,,,,,,,,,,,,,,,
37,random,All selection strategies failed. RandomSelector: No READY workers to pick from.,23,REJECTED,SelectionStatus.REJECTED,0.0014034048654139042,1,,,,,,,,,,,,,,,,,
38,random,All selection strategies failed. RandomSelector: No READY workers to pick from.,32,REJECTED,SelectionStatus.REJECTED,0.01791859301738441,18,,,,,,,,,,,,,,,,,
39,random,All selection strategies failed. RandomSelector: No READY workers to pick from.,4,REJECTED,SelectionStatus.REJECTED,0.004043197026476264,4,,,,,,,,,,,,,,,,,
40,random,All selection strategies failed. RandomSelector: No READY workers to pick from.,63,REJECTED,SelectionStatus.REJECTED,0.0023529650643467903,2,,,,,,,,,,,,,,,,,
41,random,All selection strategies failed. RandomSelector: No READY workers to pick from.,42,REJECTED,SelectionStatus.REJECTED,0.004571523051708937,5,,,,,,,,,,,,,,,,,
42,random,Randomly selected from 13 READY workers.,61,SUCCESS,SelectionStatus.SELECTED,0.015589863993227482,18,12,0.65,BUSY,12,standalone,27.0,0.0,1.0,0.0,-13.0,27.0,0.0,0.0,1.0,0.12,0.01,0.44
43,random,All selection strategies failed. RandomSelector: No READY workers to pick from.,93,REJECTED,SelectionStatus.REJECTED,0.001378245884552598,1,,,,,,,,,,,,,,,,,
44,random,All selection strategies failed. RandomSelector: No READY workers to pick from.,91,REJECTED,SelectionStatus.REJECTED,0.004522309172898531,2,,,,,,,,,,,,,,,,,
45,random,All selection strategies failed. RandomSelector: No READY workers to pick from.,84,REJECTED,SelectionStatus.REJECTED,0.0033906528260558844,3,,,,,,,,,,,,,,,,,
46,random,All selection strategies failed. RandomSelector: No READY workers to pick from.,64,REJECTED,SelectionStatus.REJECTED,0.006947070825845003,6,,,,,,,,,,,,,,,,,
47,random,All selection strategies failed. RandomSelector: No READY workers to pick from.,92,REJECTED,SelectionStatus.REJECTED,0.0032100181560963392,3,,,,,,,,,,,,,,,,,
48,random,All selection strategies failed. RandomSelector: No READY workers to pick from.,33,REJECTED,SelectionStatus.REJECTED,0.016500741010531783,17,,,,,,,,,,,,,,,,,
49,random,All selection strategies failed. RandomSelector: No READY workers to pick from.,47,REJECTED,SelectionStatus.REJECTED,0.0020553870126605034,2,,,,,,,,,,,,,,,,,
50,random,All selection strategies failed. RandomSelector: No READY workers to pick from.,74,REJECTED,SelectionStatus.REJECTED,0.02497572498396039,26,,,,,,,,,,,,,,,,,
51,random,All selection strategies failed. RandomSelector: No READY workers to pick from.,3,REJECTED,SelectionStatus.REJECTED,0.0176694979891181,18,,,,,,,,,,,,,,,,,
52,random,All selection strategies failed. RandomSelector: No READY workers to pick from.,90,REJECTED,SelectionStatus.REJECTED,0.011015695985406637,11,,,,,,,,,,,,,,,,,
53,random,All selection strategies failed. RandomSelector: No READY workers to pick from.,77,REJECTED,SelectionStatus.REJECTED,0.012761021964251995,12,,,,,,,,,,,,,,,,,
54,random,All selection strategies failed. RandomSelector: No READY workers to pick from.,18,REJECTED,SelectionStatus.REJECTED,0.0058258341159671545,3,,,,,,,,,,,,,,,,,
55,random,All selection strategies failed. RandomSelector: No READY workers to pick from.,75,REJECTED,SelectionStatus.REJECTED,0.005122432950884104,5,,,,,,,,,,,,,,,,,
56,random,Randomly selected from 1 READY workers.,1,SUCCESS,SelectionStatus.SELECTED,0.004575320053845644,4,19,,BUSY,19,standalone,20.0,0.0,1.0,1.0,7.0,20.0,0.0,0.0,1.0,0.12,0.01,0.44
57,random,All selection strategies failed. RandomSelector: No READY workers to pick from.,45,REJECTED,SelectionStatus.REJECTED,0.005958887981250882,4,,,,,,,,,,,,,,,,,
58,random,All selection strategies failed. RandomSelector: No READY workers to pick from.,83,REJECTED,SelectionStatus.REJECTED,0.007615946000441909,7,,,,,,,,,,,,,,,,,
59,random,All selection strategies failed. RandomSelector: No READY workers to pick from.,65,REJECTED,SelectionStatus.REJECTED,0.031017831061035395,33,,,,,,,,,,,,,,,,,
60,random,All selection strategies failed. RandomSelector: No READY workers to pick from.,48,REJECTED,SelectionStatus.REJECTED,0.0012050468940287828,1,,,,,,,,,,,,,,,,,
61,random,All selection strategies failed. RandomSelector: No READY workers to pick from.,13,REJECTED,SelectionStatus.REJECTED,0.02001049998216331,21,,,,,,,,,,,,,,,,,
62,random,All selection strategies failed. RandomSelector: No READY workers to pick from.,55,REJECTED,SelectionStatus.REJECTED,0.015184151008725166,15,,,,,,,,,,,,,,,,,
63,random,All selection strategies failed. RandomSelector: No READY workers to pick from.,30,REJECTED,SelectionStatus.REJECTED,0.008623646106570959,8,,,,,,,,,,,,,,,,,
64,random,All selection strategies failed. RandomSelector: No READY workers to pick from.,9,REJECTED,SelectionStatus.REJECTED,0.008852323051542044,9,,,,,,,,,,,,,,,,,
65,random,All selection strategies failed. RandomSelector: No READY workers to pick from.,82,REJECTED,SelectionStatus.REJECTED,0.0025042740162461996,2,,,,,,,,,,,,,,,,,
66,random,Randomly selected from 1 READY workers.,38,SUCCESS,SelectionStatus.SELECTED,0.0024540070444345474,2,77,,BUSY,77,standalone,16.0,0.0,1.0,1.0,11.0,16.0,0.0,0.0,1.0,0.12,0.01,0.44
67,random,All selection strategies failed. RandomSelector: No READY workers to pick from.,37,REJECTED,SelectionStatus.REJECTED,0.012058883905410767,12,,,,,,,,,,,,,,,,,
68,random,All selection strategies failed. RandomSelector: No READY workers to pick from.,52,REJECTED,SelectionStatus.REJECTED,0.015186234842985868,15,,,,,,,,,,,,,,,,,
69,random,All selection strategies failed. RandomSelector: No READY workers to pick from.,99,REJECTED,SelectionStatus.REJECTED,0.0038845541421324015,3,,,,,,,,,,,,,,,,,
70,random,Randomly selected from 1 READY workers.,41,SUCCESS,SelectionStatus.SELECTED,0.0013224200811237097,1,77,,READY,77,standalone,16.0,0.0,1.0,1.0,11.0,16.0,0.0,0.0,2.0,0.12,0.01,0.44
71,random,All selection strategies failed. RandomSelector: No READY workers to pick from.,94,REJECTED,SelectionStatus.REJECTED,0.004605619003996253,4,,,,,,,,,,,,,,,,,
72,random,All selection strategies failed. RandomSelector: No READY workers to pick from.,69,REJECTED,SelectionStatus.REJECTED,0.0022839128505438566,2,,,,,,,,,,,,,,,,,
73,random,All selection strategies failed. RandomSelector: No READY workers to pick from.,44,REJECTED,SelectionStatus.REJECTED,0.0012677160557359457,1,,,,,,,,,,,,,,,,,
74,random,All selection strategies failed. RandomSelector: No READY workers to pick from.,27,REJECTED,SelectionStatus.REJECTED,0.007349628955125809,7,,,,,,,,,,,,,,,,,
75,random,All selection strategies failed. RandomSelector: No READY workers to pick from.,76,REJECTED,SelectionStatus.REJECTED,0.009147194912657142,8,,,,,,,,,,,,,,,,,
76,random,All selection strategies failed. RandomSelector: No READY workers to pick from.,49,REJECTED,SelectionStatus.REJECTED,0.0017902429681271315,1,,,,,,,,,,,,,,,,,
77,random,Randomly selected from 3 READY workers.,20,SUCCESS,SelectionStatus.SELECTED,0.015425221063196659,15,26,23064.0,BUSY,26,cloud,8384.0,130.0,131.0,6.0,402.0,64.0,1.0,6.0,2.0,1.5,0.08,1.49
78,random,All selection strategies failed. RandomSelector: No READY workers to pick from.,11,REJECTED,SelectionStatus.REJECTED,0.004818493966013193,4,,,,,,,,,,,,,,,,,
79,random,All selection strategies failed. RandomSelector: No READY workers to pick from.,6,REJECTED,SelectionStatus.REJECTED,0.0012990660034120083,1,,,,,,,,,,,,,,,,,
80,random,All selection strategies failed. RandomSelector: No READY workers to pick from.,53,REJECTED,SelectionStatus.REJECTED,0.03460777294822037,38,,,,,,,,,,,,,,,,,
81,random,All selection strategies failed. RandomSelector: No READY workers to pick from.,58,REJECTED,SelectionStatus.REJECTED,0.001211419003084302,1,,,,,,,,,,,,,,,,,
82,random,All selection strategies failed. RandomSelector: No READY workers to pick from.,70,REJECTED,SelectionStatus.REJECTED,0.0013104879762977362,1,,,,,,,,,,,,,,,,,
83,random,All selection strategies failed. RandomSelector: No READY workers to pick from.,10,REJECTED,SelectionStatus.REJECTED,0.004632269032299519,2,,,,,,,,,,,,,,,,,
84,random,Randomly selected from 1 READY workers.,28,SUCCESS,SelectionStatus.SELECTED,0.0036320530343800783,3,52,,BUSY,52,standalone,24.0,0.0,1.0,1.0,14.0,24.0,0.0,0.0,1.0,0.12,0.01,0.44
85,random,All selection strategies failed. RandomSelector: No READY workers to pick from.,79,REJECTED,SelectionStatus.REJECTED,0.0039208438247442245,3,,,,,,,,,,,,,,,,,
86,random,All selection strategies failed. RandomSelector: No READY workers to pick from.,57,REJECTED,SelectionStatus.REJECTED,0.002441562945023179,2,,,,,,,,,,,,,,,,,
87,random,All selection strategies failed. RandomSelector: No READY workers to pick from.,25,REJECTED,SelectionStatus.REJECTED,0.005873784888535738,6,,,,,,,,,,,,,,,,,
